Time  	KZ11W:	KZ11C:	SD13L:
14:39:05 131.2	20.9	14783	
14:39:06 131.3	20.9	14796	
14:39:07 131.3	20.9	14817	
14:39:08 131.4	20.9	14831	
14:39:10 131.6	20.8	14849	
14:39:11 131.7	20.8	14862	
14:39:12 131.8	20.8	14881	
14:39:13 131.9	20.8	14893	
14:39:14 132.0	20.8	14911	
14:39:15 132.2	20.8	14926	
14:39:16 132.3	20.8	14937	
14:39:17 132.4	20.8	14956	
14:39:18 132.5	20.7	14971	
14:39:19 132.6	20.7	14987	
14:39:20 132.7	20.7	14998	
14:39:22 132.8	20.7	15017	
14:39:23 133.1	20.7	15025	
14:39:24 133.2	20.7	15041	
14:39:25 133.3	20.7	15050	
14:39:26 133.3	20.7	15064	
14:39:27 133.4	20.7	15074	
14:39:28 133.5	20.7	15081	
14:39:29 133.5	20.7	15092	
14:39:30 133.7	20.6	15097	
14:39:31 133.9	20.6	15107	
14:39:33 134.1	20.6	15112	
14:39:34 134.2	20.6	15116	
14:39:35 134.3	20.6	15117	
14:39:36 134.4	20.6	15120	
14:39:37 134.5	20.6	15121	
14:39:39 134.5	20.5	15117	
14:39:41 134.4	20.5	15114	
14:39:42 134.2	20.5	15106	
14:39:43 134.1	20.5	15099	
14:39:45 133.8	20.5	15083	
14:39:46 133.7	20.5	15069	
14:39:47 133.7	20.5	15057	
14:39:48 133.6	20.5	15041	
14:39:49 133.6	20.5	15031	
14:39:50 133.5	20.5	15015	
14:39:51 133.5	20.4	15005	
14:39:52 133.5	20.4	14998	
14:39:53 133.4	20.4	14988	
14:39:54 133.4	20.4	14988	
14:39:56 133.5	20.4	14999	
14:39:57 133.5	20.4	15003	
14:39:58 133.4	20.4	14984	
14:39:59 133.4	20.4	14978	
14:40:00 133.4	20.4	14985	
14:40:01 133.4	20.4	14991	
14:40:02 133.5	20.3	14992	
14:40:03 133.6	20.3	14987	
14:40:04 133.6	20.3	14978	
14:40:05 133.7	20.3	14962	
14:40:07 133.7	20.3	14955	
14:40:08 133.7	20.3	14949	
14:40:09 133.7	20.3	14946	
14:40:10 133.7	20.2	14945	
14:40:11 133.7	20.2	14948	
14:40:12 133.7	20.2	14955	
14:40:13 133.7	20.2	14964	
14:40:14 133.7	20.2	14976	
14:40:15 133.8	20.2	14981	
14:40:17 133.8	20.2	14976	
14:40:18 133.8	20.2	14967	
14:40:19 133.8	20.1	14947	
14:40:20 133.7	20.1	14935	
14:40:21 133.6	20.1	14926	
14:40:22 133.4	20.1	14919	
14:40:23 133.4	20.1	14911	
14:40:24 133.4	20.1	14906	
14:40:25 133.4	20.1	14902	
14:40:27 133.3	20.1	14897	
14:40:28 133.2	20	14893	
14:40:29 133.1	20	14890	
14:40:30 133.1	20	14886	
14:40:31 133.0	20	14884	
14:40:32 132.9	20	14882	
14:40:33 132.9	20	14880	
14:40:34 132.8	20	14879	
14:40:35 132.7	20	14878	
14:40:36 132.8	20	14876	
14:40:38 132.8	19.9	14875	
14:40:39 132.7	19.9	14874	
14:40:40 132.7	19.9	14872	
14:40:41 132.6	19.9	14869	
14:40:42 132.5	19.9	14868	
14:40:43 132.4	19.9	14864	
14:40:44 132.4	19.9	14861	
14:40:45 132.5	19.9	14852	
14:40:46 132.5	19.9	14848	
14:40:47 132.5	19.9	14840	
14:40:49 132.5	19.8	14834	
14:40:50 132.4	19.8	14824	
14:40:51 132.3	19.8	14818	
14:40:52 132.3	19.8	14805	
14:40:53 132.2	19.8	14798	
14:40:54 132.1	19.8	14787	
14:40:55 132.1	19.8	14778	
14:40:56 132.0	19.8	14770	
14:40:57 131.8	19.8	14757	
14:40:58 131.7	19.8	14748	
14:41:00 131.5	19.7	14736	
14:41:01 131.4	19.7	14728	
14:41:02 131.3	19.7	14715	
14:41:03 131.1	19.7	14706	
14:41:04 131.0	19.7	14693	
14:41:05 130.9	19.7	14685	
14:41:06 130.7	19.7	14672	
14:41:07 130.5	19.7	14663	
14:41:08 130.4	19.7	14649	
14:41:09 130.2	19.7	14639	
14:41:11 130.2	19.7	14629	
14:41:12 130.1	19.7	14615	
14:41:13 129.9	19.6	14604	
14:41:14 129.9	19.6	14588	
14:41:15 129.8	19.6	14578	
14:41:16 129.6	19.6	14561	
14:41:17 129.5	19.6	14550	
14:41:18 129.3	19.6	14533	
14:41:19 129.1	19.6	14523	
14:41:20 129.0	19.6	14506	
14:41:22 128.8	19.6	14497	
14:41:23 128.7	19.6	14488	
14:41:24 128.6	19.6	14473	
14:41:25 128.4	19.6	14464	
14:41:26 128.2	19.6	14450	
14:41:27 128.0	19.6	14442	
14:41:28 127.9	19.6	14432	
14:41:29 127.8	19.5	14424	
14:41:30 127.7	19.5	14413	
14:41:31 127.7	19.5	14406	
14:41:33 127.7	19.5	14399	
14:41:34 127.5	19.5	14394	
14:41:35 127.4	19.5	14385	
14:41:36 127.3	19.5	14381	
14:41:37 127.2	19.5	14376	
14:41:38 127.1	19.5	14370	
14:41:39 127.0	19.5	14366	
14:41:40 127.0	19.5	14360	
14:41:41 126.9	19.5	14358	
14:41:42 126.8	19.5	14352	
14:41:44 126.8	19.5	14349	
14:41:45 126.8	19.4	14343	
14:41:46 126.9	19.4	14339	
14:41:47 126.9	19.4	14335	
14:41:48 126.9	19.4	14332	
14:41:49 126.9	19.4	14326	
14:41:50 126.8	19.4	14323	
14:41:51 126.8	19.4	14318	
14:41:52 126.7	19.4	14315	
14:41:54 126.6	19.4	14311	
14:41:55 126.6	19.4	14308	
14:41:56 126.5	19.4	14305	
14:41:57 126.4	19.4	14299	
14:41:58 126.5	19.4	14295	
14:41:59 126.6	19.4	14291	
14:42:00 126.5	19.4	14285	
14:42:01 126.4	19.4	14279	
14:42:02 126.4	19.4	14276	
14:42:03 126.3	19.4	14270	
14:42:05 126.2	19.4	14264	
14:42:06 126.1	19.3	14258	
14:42:07 126.1	19.3	14255	
14:42:08 126.0	19.3	14248	
14:42:09 125.9	19.3	14243	
14:42:10 125.9	19.3	14235	
14:42:11 125.8	19.3	14230	
14:42:12 125.8	19.3	14224	
14:42:13 125.7	19.3	14217	
14:42:14 125.7	19.3	14211	
14:42:16 125.7	19.3	14202	
14:42:17 125.8	19.3	14199	
14:42:18 125.7	19.3	14191	
14:42:19 125.7	19.3	14186	
14:42:20 125.8	19.3	14178	
14:42:21 125.8	19.2	14172	
14:42:22 125.8	19.2	14165	
14:42:23 125.8	19.2	14160	
14:42:24 125.6	19.2	14155	
14:42:25 125.6	19.2	14147	
14:42:27 125.4	19.2	14141	
14:42:28 125.2	19.2	14133	
14:42:29 125.1	19.2	14128	
14:42:30 124.9	19.2	14119	
14:42:31 124.9	19.2	14114	
14:42:32 124.8	19.2	14105	
14:42:33 124.8	19.2	14100	
14:42:34 124.7	19.2	14091	
14:42:35 124.7	19.2	14084	
14:42:37 124.7	19.2	14074	
14:42:38 124.7	19.2	14067	
14:42:39 124.7	19.1	14058	
14:42:40 124.6	19.1	14052	
14:42:41 124.6	19.1	14045	
14:42:42 124.5	19.1	14035	
14:42:43 124.4	19.1	14029	
14:42:44 124.5	19.1	14019	
14:42:45 124.5	19.1	14013	
14:42:46 124.2	19.1	14004	
14:42:48 124.1	19.1	13997	
14:42:49 124.1	19.1	13986	
14:42:50 124.0	19.1	13980	
14:42:51 123.8	19.1	13972	
14:42:52 123.7	19.1	13966	
14:42:53 123.7	19.1	13956	
14:42:54 123.6	19.1	13949	
14:42:55 123.5	19.1	13942	
14:42:56 123.4	19	13933	
14:42:57 123.3	19	13927	
14:42:59 123.2	19	13918	
14:43:00 123.1	19	13912	
14:43:01 123.0	19	13902	
14:43:02 122.8	19	13895	
14:43:03 122.9	19	13886	
14:43:04 122.8	19	13880	
14:43:05 122.8	19	13871	
14:43:06 122.7	19	13866	
14:43:07 122.5	19	13860	
14:43:08 122.5	19	13851	
14:43:10 122.5	19	13845	
14:43:11 122.5	19	13836	
14:43:12 122.5	19	13830	
14:43:13 122.5	19	13821	
14:43:14 122.4	19	13815	
14:43:15 122.4	19	13809	
14:43:16 122.3	18.9	13803	
14:43:17 122.2	18.9	13797	
14:43:18 122.2	18.9	13792	
14:43:20 122.2	18.9	13785	
14:43:21 122.2	18.9	13779	
14:43:22 122.2	18.9	13772	
14:43:23 122.3	18.9	13767	
14:43:24 122.2	18.9	13759	
14:43:25 122.1	18.9	13753	
14:43:26 122.0	18.9	13746	
14:43:27 121.9	18.9	13741	
14:43:28 121.8	18.9	13736	
14:43:29 121.8	18.9	13729	
14:43:31 121.7	18.9	13725	
14:43:32 121.6	18.9	13718	
14:43:33 121.5	18.8	13712	
14:43:34 121.4	18.8	13705	
14:43:35 121.3	18.8	13700	
14:43:36 121.2	18.8	13694	
14:43:37 121.0	18.8	13689	
14:43:38 121.0	18.8	13682	
14:43:39 121.0	18.8	13679	
14:43:40 121.0	18.8	13673	
14:43:42 121.0	18.8	13669	
14:43:43 120.9	18.8	13666	
14:43:44 120.9	18.8	13659	
14:43:45 120.9	18.8	13656	
14:43:46 120.8	18.8	13650	
14:43:47 120.7	18.8	13647	
14:43:48 120.6	18.8	13644	
14:43:49 120.5	18.8	13641	
14:43:50 120.5	18.8	13637	
14:43:52 120.4	18.8	13635	
14:43:53 120.4	18.7	13630	
14:43:54 120.3	18.7	13629	
14:43:55 120.2	18.7	13625	
14:43:56 120.2	18.7	13623	
14:43:57 120.2	18.7	13620	
14:43:58 120.2	18.7	13619	
14:43:59 120.3	18.7	13617	
14:44:00 120.3	18.7	13615	
14:44:01 120.3	18.7	13614	
14:44:03 120.3	18.7	13612	
14:44:04 120.3	18.7	13611	
14:44:05 120.2	18.7	13611	
14:44:06 120.1	18.7	13610	
14:44:07 120.0	18.7	13608	
14:44:08 120.0	18.7	13609	
14:44:09 119.9	18.7	13608	
14:44:10 119.9	18.7	13609	
14:44:11 119.9	18.7	13608	
14:44:13 120.0	18.7	13609	
14:44:14 120.1	18.7	13609	
14:44:15 120.2	18.7	13609	
14:44:16 120.3	18.7	13610	
14:44:17 120.4	18.6	13610	
14:44:18 120.5	18.6	13611	
14:44:19 120.5	18.6	13611	
14:44:20 120.5	18.6	13613	
14:44:21 120.5	18.6	13614	
14:44:22 120.5	18.6	13617	
14:44:24 120.5	18.6	13618	
14:44:25 120.5	18.6	13618	
14:44:26 120.6	18.6	13622	
14:44:27 120.6	18.6	13623	
14:44:28 120.7	18.6	13625	
14:44:29 120.8	18.6	13626	
14:44:30 120.8	18.6	13629	
14:44:31 120.8	18.6	13630	
14:44:32 120.8	18.6	13632	
14:44:34 120.9	18.6	13633	
14:44:35 120.8	18.6	13635	
14:44:36 120.8	18.5	13636	
14:44:37 120.9	18.5	13635	
14:44:38 121.0	18.5	13636	
14:44:39 121.0	18.5	13636	
14:44:40 121.0	18.5	13638	
14:44:41 121.0	18.5	13638	
14:44:42 121.0	18.5	13638	
14:44:44 121.0	18.5	13638	
14:44:45 121.2	18.5	13639	
14:44:46 121.3	18.5	13639	
14:44:47 121.2	18.5	13639	
14:44:48 121.2	18.5	13640	
14:44:49 121.2	18.5	13641	
14:44:50 121.2	18.4	13641	
14:44:51 121.2	18.4	13642	
14:44:52 121.2	18.4	13643	
14:44:53 121.2	18.4	13644	
14:44:55 121.3	18.4	13645	
14:44:56 121.2	18.4	13646	
14:44:57 121.1	18.4	13647	
14:44:58 121.1	18.4	13647	
14:44:59 121.1	18.4	13648	
14:45:00 121.1	18.4	13649	
14:45:01 121.2	18.4	13649	
14:45:02 121.2	18.4	13645	
14:45:03 121.2	18.4	13645	
14:45:05 121.2	18.4	13644	
14:45:06 121.1	18.4	13644	
14:45:07 121.1	18.4	13644	
14:45:08 121.0	18.4	13641	
14:45:09 121.1	18.4	13640	
14:45:10 121.1	18.4	13639	
14:45:11 121.1	18.4	13638	
14:45:12 121.0	18.4	13637	
14:45:13 121.0	18.4	13636	
14:45:15 121.0	18.4	13635	
14:45:16 121.0	18.4	13635	
14:45:17 121.0	18.4	13633	
14:45:18 121.0	18.4	13632	
14:45:19 121.0	18.3	13632	
14:45:20 121.0	18.3	13631	
14:45:21 121.0	18.3	13630	
14:45:22 121.0	18.3	13630	
14:45:23 121.0	18.3	13630	
14:45:24 121.1	18.3	13632	
14:45:26 121.2	18.3	13632	
14:45:27 121.3	18.3	13634	
14:45:28 121.3	18.3	13635	
14:45:29 121.2	18.3	13637	
14:45:30 121.2	18.3	13639	
14:45:31 121.2	18.3	13642	
14:45:32 121.1	18.3	13644	
14:45:33 121.1	18.3	13647	
14:45:34 121.0	18.3	13648	
14:45:36 121.0	18.3	13653	
14:45:37 121.0	18.3	13654	
14:45:38 121.0	18.3	13659	
14:45:39 121.0	18.3	13661	
14:45:40 121.1	18.3	13665	
14:45:41 121.2	18.3	13668	
14:45:42 121.3	18.3	13673	
14:45:43 121.3	18.3	13676	
14:45:44 121.4	18.2	13680	
14:45:45 121.5	18.2	13684	
14:45:47 121.6	18.3	13688	
14:45:48 121.7	18.2	13691	
14:45:49 121.8	18.2	13695	
14:45:50 121.8	18.2	13699	
14:45:51 121.9	18.2	13702	
14:45:52 121.9	18.2	13705	
14:45:53 121.9	18.2	13706	
14:45:54 122.0	18.2	13710	
14:45:55 122.0	18.2	13712	
14:45:56 122.1	18.2	13715	
14:45:58 122.1	18.2	13718	
14:45:59 122.1	18.2	13721	
14:46:00 122.1	18.2	13724	
14:46:01 122.2	18.2	13726	
14:46:02 122.2	18.2	13729	
14:46:03 122.2	18.2	13731	
14:46:04 122.3	18.2	13733	
14:46:05 122.4	18.2	13736	
14:46:06 122.5	18.2	13739	
14:46:08 122.7	18.2	13742	
14:46:09 122.7	18.1	13745	
14:46:10 122.7	18.1	13747	
14:46:11 122.8	18.1	13751	
14:46:12 122.8	18.1	13753	
14:46:13 122.8	18.1	13756	
14:46:14 122.8	18.1	13760	
14:46:15 122.8	18.1	13764	
14:46:16 122.8	18.1	13768	
14:46:17 122.8	18.1	13771	
14:46:19 122.9	18.1	13775	
14:46:20 123.0	18.1	13778	
14:46:21 123.0	18.1	13781	
14:46:22 123.0	18.1	13784	
14:46:23 123.0	18.1	13788	
14:46:24 123.1	18.1	13790	
14:46:25 123.1	18.1	13794	
14:46:26 123.2	18.1	13797	
14:46:27 123.2	18.1	13799	
14:46:29 123.2	18.1	13803	
14:46:30 123.3	18.1	13806	
14:46:31 123.3	18	13810	
14:46:32 123.3	18	13812	
14:46:33 123.4	18	13816	
14:46:34 123.5	18	13819	
14:46:35 123.5	18	13821	
14:46:36 123.6	18	13824	
14:46:37 123.6	18	13825	
14:46:38 123.7	18	13826	
14:46:40 123.8	18	13828	
14:46:41 123.9	18	13830	
14:46:42 124.0	18	13831	
14:46:43 124.0	18	13832	
14:46:44 124.1	18	13833	
14:46:45 124.3	18	13832	
14:46:46 124.3	18	13831	
14:46:47 124.3	18	13833	
14:46:48 124.3	18	13834	
14:46:49 124.3	18	13836	
14:46:51 124.4	18	13836	
14:46:52 124.4	18	13837	
14:46:53 124.4	17.9	13839	
14:46:54 124.4	17.9	13840	
14:46:55 124.4	17.9	13841	
14:46:56 124.4	17.9	13843	
14:46:57 124.4	17.9	13844	
14:46:58 124.4	17.9	13845	
14:46:59 124.4	17.9	13846	
14:47:01 124.4	17.9	13848	
14:47:02 124.5	17.9	13849	
14:47:03 124.4	17.9	13851	
14:47:04 124.4	17.9	13851	
14:47:05 124.4	17.9	13851	
14:47:06 124.4	17.9	13852	
14:47:07 124.5	17.9	13852	
14:47:08 124.5	17.9	13852	
14:47:09 124.5	17.9	13852	
14:47:10 124.5	17.9	13852	
14:47:12 124.5	17.9	13851	
14:47:13 124.5	17.9	13851	
14:47:14 124.5	17.9	13850	
14:47:15 124.5	17.9	13848	
14:47:16 124.6	17.9	13847	
14:47:17 124.6	17.9	13846	
14:47:18 124.6	17.9	13845	
14:47:19 124.6	17.8	13843	
14:47:20 124.5	17.9	13842	
14:47:21 124.5	17.8	13838	
14:47:23 124.5	17.8	13836	
14:47:24 124.5	17.8	13834	
14:47:25 124.5	17.8	13831	
14:47:26 124.5	17.8	13830	
14:47:27 124.5	17.8	13825	
14:47:28 124.5	17.8	13824	
14:47:29 124.5	17.8	13822	
14:47:30 124.5	17.8	13819	
14:47:31 124.5	17.8	13818	
14:47:32 124.5	17.8	13815	
14:47:34 124.5	17.8	13813	
14:47:35 124.5	17.8	13811	
14:47:36 124.5	17.8	13809	
14:47:37 124.5	17.8	13806	
14:47:38 124.5	17.8	13803	
14:47:39 124.4	17.8	13799	
14:47:40 124.4	17.8	13797	
14:47:41 124.4	17.8	13793	
14:47:42 124.4	17.8	13791	
14:47:44 124.4	17.8	13786	
14:47:45 124.4	17.8	13783	
14:47:46 124.4	17.8	13777	
14:47:47 124.3	17.8	13774	
14:47:48 124.3	17.8	13771	
14:47:49 124.2	17.8	13764	
14:47:50 124.2	17.8	13759	
14:47:51 124.1	17.8	13753	
14:47:52 124.1	17.7	13748	
14:47:53 124.1	17.7	13744	
14:47:55 124.0	17.7	13738	
14:47:56 124.0	17.7	13731	
14:47:57 124.0	17.7	13726	
14:47:58 124.0	17.7	13718	
14:47:59 124.0	17.7	13712	
14:48:00 124.0	17.7	13703	
14:48:01 123.9	17.7	13697	
14:48:02 123.9	17.7	13691	
14:48:03 123.9	17.7	13683	
14:48:05 123.8	17.7	13676	
14:48:06 123.8	17.7	13667	
14:48:07 123.8	17.7	13659	
14:48:08 123.7	17.7	13648	
14:48:09 123.6	17.7	13641	
14:48:10 123.5	17.7	13629	
14:48:11 123.4	17.7	13623	
14:48:12 123.4	17.7	13611	
14:48:13 123.3	17.7	13602	
14:48:14 123.2	17.7	13591	
14:48:16 123.1	17.7	13584	
14:48:17 123.0	17.7	13575	
14:48:18 122.9	17.7	13562	
14:48:19 122.8	17.7	13553	
14:48:20 122.7	17.7	13540	
14:48:21 122.6	17.7	13532	
14:48:22 122.5	17.7	13518	
14:48:23 122.4	17.7	13509	
14:48:24 122.2	17.7	13496	
14:48:25 122.2	17.7	13487	
14:48:27 122.1	17.7	13472	
14:48:28 122.0	17.7	13462	
14:48:29 122.0	17.7	13449	
14:48:30 122.0	17.7	13439	
14:48:31 121.9	17.7	13429	
14:48:32 121.9	17.7	13413	
14:48:33 121.9	17.7	13404	
14:48:34 121.7	17.7	13390	
14:48:35 121.6	17.6	13379	
14:48:36 121.5	17.6	13363	
14:48:38 121.4	17.6	13353	
14:48:39 121.4	17.6	13337	
14:48:40 121.3	17.6	13328	
14:48:41 121.2	17.6	13312	
14:48:42 121.1	17.6	13301	
14:48:43 120.9	17.6	13288	
14:48:44 120.8	17.6	13278	
14:48:45 120.7	17.6	13268	
14:48:46 120.6	17.6	13254	
14:48:47 120.5	17.6	13244	
14:48:49 120.4	17.6	13230	
14:48:50 120.4	17.6	13221	
14:48:51 120.3	17.6	13206	
14:48:52 120.3	17.6	13197	
14:48:53 120.3	17.6	13179	
14:48:54 120.2	17.6	13169	
14:48:55 120.1	17.6	13156	
14:48:56 120.0	17.6	13148	
14:48:57 119.9	17.6	13133	
14:48:59 119.8	17.6	13124	
14:49:00 119.7	17.6	13111	
14:49:01 119.7	17.6	13102	
14:49:02 119.6	17.6	13093	
14:49:03 119.5	17.6	13077	
14:49:04 119.4	17.6	13068	
14:49:05 119.3	17.6	13053	
14:49:06 119.2	17.6	13043	
14:49:07 119.1	17.6	13028	
14:49:08 119.1	17.5	13019	
14:49:10 119.0	17.5	13005	
14:49:11 118.9	17.5	12994	
14:49:12 118.8	17.5	12979	
14:49:13 118.7	17.5	12970	
14:49:14 118.6	17.5	12954	
14:49:15 118.5	17.5	12944	
14:49:16 118.3	17.5	12934	
14:49:17 118.3	17.5	12919	
14:49:18 118.1	17.5	12909	
14:49:19 118.0	17.5	12894	
14:49:21 118.0	17.5	12885	
14:49:22 117.9	17.5	12871	
14:49:23 117.8	17.5	12862	
14:49:24 117.7	17.5	12848	
14:49:25 117.6	17.5	12839	
14:49:26 117.5	17.5	12826	
14:49:27 117.4	17.5	12817	
14:49:28 117.3	17.5	12803	
14:49:29 117.2	17.5	12794	
14:49:30 117.1	17.5	12785	
14:49:32 117.0	17.5	12773	
14:49:33 116.9	17.5	12766	
14:49:34 116.8	17.5	12752	
14:49:35 116.7	17.5	12743	
14:49:36 116.6	17.5	12732	
14:49:37 116.6	17.5	12725	
14:49:38 116.5	17.5	12712	
14:49:39 116.4	17.5	12705	
14:49:40 116.3	17.5	12697	
14:49:41 116.2	17.5	12687	
14:49:43 116.0	17.5	12680	
14:49:44 115.9	17.5	12669	
14:49:45 115.7	17.5	12662	
14:49:46 115.6	17.5	12652	
14:49:47 115.5	17.5	12646	
14:49:48 115.4	17.5	12639	
14:49:49 115.4	17.5	12634	
14:49:50 115.4	17.5	12626	
14:49:51 115.4	17.5	12621	
14:49:52 115.3	17.5	12615	
14:49:53 115.3	17.5	12609	
14:49:55 115.2	17.5	12605	
14:49:56 115.2	17.5	12600	
14:49:57 115.2	17.5	12595	
14:49:58 115.2	17.5	12592	
14:49:59 115.2	17.5	12589	
14:50:00 115.2	17.5	12585	
14:50:01 115.2	17.4	12583	
14:50:02 115.2	17.5	12581	
14:50:03 115.2	17.4	12580	
14:50:04 115.1	17.4	12581	
14:50:05 115.1	17.4	12580	
14:50:07 115.1	17.4	12581	
14:50:08 115.1	17.4	12583	
14:50:09 115.1	17.4	12584	
14:50:10 115.1	17.4	12588	
14:50:11 115.1	17.4	12589	
14:50:12 115.1	17.4	12592	
14:50:13 115.1	17.4	12595	
14:50:14 115.2	17.4	12598	
14:50:15 115.2	17.4	12604	
14:50:16 115.2	17.4	12610	
14:50:18 115.2	17.4	12614	
14:50:19 115.2	17.4	12617	
14:50:20 115.2	17.4	12622	
14:50:21 115.2	17.4	12626	
14:50:22 115.2	17.4	12630	
14:50:23 115.2	17.4	12637	
14:50:24 115.2	17.4	12643	
14:50:25 115.3	17.4	12651	
14:50:26 115.3	17.4	12659	
14:50:27 115.4	17.4	12671	
14:50:29 115.5	17.4	12679	
14:50:30 115.6	17.4	12691	
14:50:31 115.7	17.4	12699	
14:50:32 115.8	17.4	12714	
14:50:33 115.9	17.4	12725	
14:50:34 116.0	17.4	12739	
14:50:35 116.1	17.4	12749	
14:50:36 116.2	17.4	12766	
14:50:38 116.3	17.4	12778	
14:50:39 116.5	17.4	12796	
14:50:40 116.6	17.4	12809	
14:50:41 116.7	17.4	12829	
14:50:42 116.9	17.4	12843	
14:50:43 117.0	17.4	12864	
14:50:44 117.1	17.4	12879	
14:50:45 117.3	17.4	12894	
14:50:46 117.4	17.4	12919	
14:50:47 117.6	17.4	12935	
14:50:48 117.8	17.4	12960	
14:50:50 118.0	17.4	12978	
14:50:51 118.2	17.4	13002	
14:50:52 118.3	17.4	13021	
14:50:53 118.5	17.4	13039	
14:50:54 118.7	17.4	13068	
14:50:55 118.9	17.4	13086	
14:50:56 119.1	17.4	13116	
14:50:57 119.3	17.4	13136	
14:50:58 119.5	17.4	13166	
14:50:59 119.7	17.4	13187	
14:51:01 119.9	17.4	13220	
14:51:02 120.2	17.4	13241	
14:51:03 120.4	17.4	13274	
14:51:04 120.8	17.4	13295	
14:51:05 121.1	17.4	13318	
14:51:06 121.3	17.4	13351	
14:51:07 121.5	17.4	13373	
14:51:08 121.8	17.4	13408	
14:51:09 122.1	17.4	13431	
14:51:10 122.3	17.4	13465	
14:51:12 122.3	17.4	13489	
14:51:13 122.8	17.4	13523	
14:51:14 122.8	17.4	13547	
14:51:15 123.1	17.4	13582	
14:51:16 123.5	17.4	13605	
14:51:17 123.6	17.4	13641	
14:51:18 124.0	17.4	13663	
14:51:19 124.3	17.4	13686	
14:51:20 124.5	17.4	13721	
14:51:21 124.7	17.4	13744	
14:51:23 125.0	17.4	13779	
14:51:24 125.2	17.4	13802	
14:51:25 125.3	17.3	13836	
14:51:26 125.8	17.4	13859	
14:51:28 126.1	17.4	13915	
14:51:29 126.3	17.4	13947	
14:51:30 126.5	17.4	13969	
14:51:32 127.0	17.4	14000	
14:51:33 127.6	17.4	14043	
14:51:34 127.4	17.3	14065	
14:51:35 127.7	17.4	14084	
14:51:36 128.2	17.4	14116	
14:51:38 128.4	17.4	14134	
14:51:39 128.6	17.4	14167	
14:51:40 128.7	17.4	14184	
14:51:41 128.9	17.4	14214	
14:51:42 129.4	17.4	14233	
14:51:43 129.6	17.4	14262	
14:51:44 129.8	17.4	14281	
14:51:45 130.1	17.4	14308	
14:51:46 130.1	17.4	14326	
14:51:47 130.5	17.4	14344	
14:51:49 130.7	17.4	14371	
14:51:50 130.8	17.3	14389	
14:51:51 131.3	17.3	14416	
14:51:52 131.5	17.3	14432	
14:51:53 131.7	17.4	14458	
14:51:54 132.0	17.3	14474	
14:51:55 132.0	17.3	14500	
14:51:56 132.2	17.3	14515	
14:51:58 132.6	17.4	14556	
14:51:59 132.8	17.3	14571	
14:52:01 133.0	17.3	14594	
14:52:02 133.2	17.3	14607	
14:52:03 133.4	17.3	14627	
14:52:04 133.6	17.3	14642	
14:52:05 133.7	17.3	14654	
14:52:06 133.9	17.3	14674	
14:52:07 134.1	17.3	14686	
14:52:08 134.2	17.3	14704	
14:52:09 134.4	17.3	14716	
14:52:10 134.6	17.3	14735	
14:52:12 134.8	17.3	14745	
14:52:13 134.9	17.3	14761	
14:52:14 135.1	17.3	14772	
14:52:15 135.2	17.3	14787	
14:52:16 135.3	17.3	14798	
14:52:17 135.4	17.3	14813	
14:52:18 135.6	17.3	14823	
14:52:19 135.7	17.3	14834	
14:52:20 135.9	17.3	14843	
14:52:22 135.9	17.3	14855	
14:52:23 136.0	17.3	14864	
14:52:24 136.1	17.3	14872	
14:52:25 136.2	17.3	14883	
14:52:26 136.2	17.3	14890	
14:52:27 136.3	17.3	14899	
14:52:28 136.3	17.3	14906	
14:52:29 136.4	17.3	14916	
14:52:30 136.5	17.3	14922	
14:52:31 136.5	17.3	14928	
14:52:33 136.6	17.3	14934	
14:52:34 136.7	17.3	14939	
14:52:35 136.8	17.3	14944	
14:52:36 136.8	17.3	14950	
14:52:37 136.9	17.3	14955	
14:52:38 137.0	17.3	14958	
14:52:39 137.0	17.3	14965	
14:52:40 137.1	17.3	14967	
14:52:41 137.1	17.3	14972	
14:52:42 137.2	17.3	14974	
14:52:44 137.2	17.3	14979	
14:52:45 137.3	17.3	14982	
14:52:46 137.3	17.3	14986	
14:52:47 137.4	17.3	14988	
14:52:48 137.5	17.3	14993	
14:52:49 137.5	17.3	14992	
14:52:50 137.5	17.3	14996	
14:52:51 137.6	17.3	14999	
14:52:52 137.6	17.3	14999	
14:52:53 137.7	17.3	15003	
14:52:55 137.8	17.3	15005	
14:52:56 137.8	17.3	15007	
14:52:57 137.8	17.3	15008	
14:52:58 137.9	17.3	15011	
14:52:59 137.9	17.3	15010	
14:53:00 137.9	17.3	15012	
14:53:01 137.9	17.3	15014	
14:53:02 138.0	17.3	15014	
14:53:03 138.0	17.3	15014	
14:53:05 138.0	17.3	15016	
14:53:06 138.1	17.3	15016	
14:53:07 138.1	17.3	15017	
14:53:08 138.1	17.3	15017	
14:53:09 138.1	17.3	15017	
14:53:10 138.1	17.3	15017	
14:53:11 138.1	17.3	15016	
14:53:12 138.2	17.3	15016	
14:53:13 138.1	17.3	15015	
14:53:14 138.1	17.3	15014	
14:53:15 138.1	17.3	15014	
14:53:17 138.2	17.3	15014	
14:53:18 138.2	17.3	15013	
14:53:19 138.2	17.3	15012	
14:53:20 138.2	17.3	15014	
14:53:21 138.2	17.3	15012	
14:53:22 138.2	17.3	15013	
14:53:23 138.2	17.3	15014	
14:53:24 138.2	17.3	15014	
14:53:25 138.2	17.3	15013	
14:53:26 138.2	17.3	15014	
14:53:28 138.2	17.3	15014	
14:53:29 138.3	17.3	15015	
14:53:30 138.3	17.3	15016	
14:53:31 138.3	17.3	15016	
14:53:32 138.3	17.3	15018	
14:53:33 138.3	17.3	15019	
14:53:34 138.3	17.3	15021	
14:53:35 138.3	17.3	15022	
14:53:36 138.3	17.3	15025	
14:53:37 138.3	17.3	15027	
14:53:39 138.4	17.3	15030	
14:53:40 138.4	17.3	15033	
14:53:41 138.4	17.3	15037	
14:53:42 138.4	17.3	15041	
14:53:43 138.5	17.3	15046	
14:53:44 138.5	17.3	15050	
14:53:45 138.6	17.3	15054	
14:53:46 138.6	17.3	15061	
14:53:47 138.6	17.3	15066	
14:53:48 138.7	17.3	15072	
14:53:50 138.7	17.3	15077	
14:53:51 138.9	17.3	15085	
14:53:52 139.0	17.3	15091	
14:53:53 139.1	17.3	15100	
14:53:54 139.2	17.3	15107	
14:53:55 139.3	17.3	15117	
14:53:56 139.4	17.3	15122	
14:53:57 139.4	17.3	15129	
14:53:58 139.5	17.3	15138	
14:53:59 139.6	17.3	15144	
14:54:01 139.6	17.3	15156	
14:54:02 139.7	17.3	15162	
14:54:03 139.7	17.3	15169	
14:54:04 139.8	17.3	15176	
14:54:05 139.8	17.3	15185	
14:54:06 139.8	17.3	15191	
14:54:07 139.9	17.3	15202	
14:54:08 139.9	17.3	15207	
14:54:09 140.0	17.3	15216	
14:54:11 140.0	17.3	15223	
14:54:12 140.1	17.3	15231	
14:54:13 140.2	17.3	15237	
14:54:14 140.2	17.3	15244	
14:54:15 140.3	17.3	15252	
14:54:16 140.4	17.3	15258	
14:54:17 140.5	17.3	15265	
14:54:18 140.5	17.3	15269	
14:54:19 140.6	17.3	15277	
14:54:20 140.7	17.3	15281	
14:54:22 140.8	17.3	15289	
14:54:23 140.8	17.3	15294	
14:54:24 140.9	17.3	15299	
14:54:25 141.0	17.3	15304	
14:54:26 141.0	17.3	15307	
14:54:27 141.0	17.3	15311	
14:54:28 141.1	17.3	15313	
14:54:29 141.1	17.3	15317	
14:54:30 141.2	17.3	15318	
14:54:31 141.2	17.3	15321	
14:54:33 141.3	17.3	15322	
14:54:34 141.3	17.3	15324	
14:54:35 141.3	17.3	15324	
14:54:36 141.4	17.3	15324	
14:54:37 141.5	17.3	15323	
14:54:38 141.6	17.3	15322	
14:54:39 141.6	17.3	15319	
14:54:40 141.7	17.3	15318	
14:54:41 141.7	17.3	15314	
14:54:42 141.7	17.3	15312	
14:54:44 141.7	17.3	15306	
14:54:45 141.7	17.3	15304	
14:54:46 141.7	17.3	15297	
14:54:47 141.7	17.3	15292	
14:54:48 141.7	17.3	15284	
14:54:49 141.6	17.3	15277	
14:54:50 141.5	17.3	15269	
14:54:51 141.5	17.3	15263	
14:54:52 141.4	17.2	15259	
14:54:53 141.4	17.2	15251	
14:54:55 141.4	17.3	15247	
14:54:56 141.3	17.2	15236	
14:54:57 141.3	17.2	15230	
14:54:58 141.3	17.2	15220	
14:54:59 141.3	17.2	15216	
14:55:00 141.2	17.2	15207	
14:55:01 141.2	17.2	15202	
14:55:02 141.1	17.2	15194	
14:55:03 141.1	17.2	15189	
14:55:04 141.0	17.2	15182	
14:55:06 141.0	17.2	15178	
14:55:07 140.9	17.2	15174	
14:55:08 140.9	17.2	15167	
14:55:09 140.8	17.2	15165	
14:55:10 140.8	17.2	15159	
14:55:11 140.7	17.2	15155	
14:55:12 140.6	17.2	15153	
14:55:13 140.6	17.2	15152	
14:55:14 140.5	17.2	15153	
14:55:16 140.5	17.2	15155	
14:55:17 140.4	17.2	15163	
14:55:18 140.5	17.2	15175	
14:55:19 140.5	17.2	15218	
14:55:20 140.7	17.2	15253	
14:55:21 140.9	17.2	15295	
14:55:22 141.1	17.2	15310	
14:55:23 141.2	17.2	15301	
14:55:24 141.3	17.2	15247	
14:55:25 141.2	17.2	15200	
14:55:26 140.9	17.2	15138	
14:55:28 140.7	17.2	15107	
14:55:29 140.4	17.2	15070	
14:55:30 140.1	17.2	15052	
14:55:31 139.9	17.2	15032	
14:55:32 139.6	17.2	15021	
14:55:33 139.5	17.2	15010	
14:55:34 139.4	17.2	15003	
14:55:35 139.2	17.2	14992	
14:55:36 139.1	17.2	14987	
14:55:38 139.0	17.2	14981	
14:55:39 138.9	17.2	14973	
14:55:40 138.8	17.2	14970	
14:55:41 138.7	17.2	14964	
14:55:42 138.7	17.2	14963	
14:55:43 138.7	17.2	14958	
14:55:44 138.7	17.2	14955	
14:55:45 138.7	17.2	14954	
14:55:46 138.7	17.1	14952	
14:55:47 138.7	17.1	14950	
14:55:49 138.7	17.1	14948	
14:55:50 138.7	17.1	14947	
14:55:51 138.7	17.1	14946	
14:55:52 138.6	17.1	14948	
14:55:53 138.6	17.1	14957	
14:55:54 138.6	17.1	14956	
14:55:55 138.6	17.1	14940	
14:55:56 138.6	17.1	14923	
14:55:57 138.5	17.1	14895	
14:55:58 138.3	17.1	14881	
14:56:00 138.2	17.1	14863	
14:56:01 138.1	17.1	14851	
14:56:02 137.9	17.1	14839	
14:56:03 137.8	17.1	14824	
14:56:04 137.6	17.1	14814	
14:56:05 137.5	17.1	14799	
14:56:06 137.4	17.1	14789	
14:56:07 137.3	17.1	14775	
14:56:08 137.3	17.1	14769	
14:56:10 137.1	17.1	14755	
14:56:11 137.0	17.1	14748	
14:56:12 136.9	17.1	14736	
14:56:13 136.8	17.1	14730	
14:56:14 136.7	17.1	14719	
14:56:15 136.6	17.1	14713	
14:56:16 136.5	17.1	14702	
14:56:17 136.4	17.1	14695	
14:56:18 136.3	17.1	14689	
14:56:19 136.2	17.1	14678	
14:56:20 136.1	17.1	14672	
14:56:22 136.0	17.1	14660	
14:56:23 136.0	17.1	14653	
14:56:24 136.0	17.1	14641	
14:56:25 135.9	17.1	14635	
14:56:26 135.8	17.1	14624	
14:56:27 135.7	17.1	14616	
14:56:28 135.7	17.1	14603	
14:56:29 135.6	17.1	14595	
14:56:30 135.5	17.1	14587	
14:56:31 135.5	17.1	14574	
14:56:33 135.4	17.1	14565	
14:56:34 135.3	17.1	14551	
14:56:35 135.2	17.1	14542	
14:56:36 135.1	17.1	14530	
14:56:37 134.9	17.1	14520	
14:56:38 134.9	17.1	14505	
14:56:39 134.7	17.1	14497	
14:56:40 134.6	17.1	14483	
14:56:41 134.5	17.1	14474	
14:56:42 134.4	17.1	14459	
14:56:44 134.4	17.1	14450	
14:56:45 134.3	17.1	14435	
14:56:46 134.1	17.1	14425	
14:56:47 134.0	17.1	14411	
14:56:48 133.9	17.1	14401	
14:56:49 133.7	17.1	14386	
14:56:50 133.6	17	14375	
14:56:51 133.4	17	14364	
14:56:52 133.3	17	14347	
14:56:54 133.2	17	14337	
14:56:55 133.0	17	14319	
14:56:56 132.9	17	14308	
14:56:57 132.8	17	14291	
14:56:58 132.6	17	14280	
14:56:59 132.5	17	14262	
14:57:00 132.3	17	14251	
14:57:01 132.2	17	14240	
14:57:02 132.1	17	14221	
14:57:03 132.0	17	14210	
14:57:05 131.9	17	14193	
14:57:06 131.7	17	14179	
14:57:07 131.6	17	14161	
14:57:08 131.4	17	14150	
14:57:09 131.2	17	14130	
14:57:10 131.1	17	14118	
14:57:11 131.0	17	14100	
14:57:12 130.9	17	14087	
14:57:13 130.8	17	14069	
14:57:14 130.6	17	14057	
14:57:16 130.5	17	14037	
14:57:17 130.4	17	14025	
14:57:18 130.2	17	14011	
14:57:19 130.0	17	13992	
14:57:20 129.9	17	13979	
14:57:21 129.7	17	13960	
14:57:22 129.6	17	13947	
14:57:23 129.5	17	13926	
14:57:24 129.3	17	13914	
14:57:26 129.1	17	13894	
14:57:27 129.0	17	13880	
14:57:28 128.8	17	13860	
14:57:29 128.7	17	13846	
14:57:30 128.5	17	13827	
14:57:31 128.4	17	13814	
14:57:32 128.3	17	13800	
14:57:33 128.2	17	13781	
14:57:34 128.0	17	13767	
14:57:35 127.9	17	13747	
14:57:37 127.7	17	13733	
14:57:38 127.6	17	13713	
14:57:39 127.4	17	13699	
14:57:40 127.3	17	13679	
14:57:41 127.1	17	13666	
14:57:42 127.0	17	13645	
14:57:43 126.8	17	13633	
14:57:44 126.7	17	13619	
14:57:45 126.5	17	13599	
14:57:46 126.4	17	13586	
14:57:48 126.3	17	13567	
14:57:49 126.1	17	13553	
14:57:50 126.0	17	13532	
14:57:51 125.8	17	13520	
14:57:52 125.7	17	13501	
14:57:53 125.6	17	13488	
14:57:54 125.4	17	13469	
14:57:55 125.3	17	13455	
14:57:56 125.1	17	13437	
14:57:57 125.0	17	13423	
14:57:59 124.9	17	13410	
14:58:00 124.7	17	13392	
14:58:01 124.6	17	13380	
14:58:02 124.4	17	13360	
14:58:03 124.3	17	13348	
14:58:04 124.2	17	13331	
14:58:05 124.1	17	13318	
14:58:06 124.0	17	13300	
14:58:07 123.9	17	13288	
14:58:08 123.8	17	13271	
14:58:10 123.6	17	13259	
14:58:11 123.5	17	13246	
14:58:12 123.4	17	13228	
14:58:13 123.2	17	13217	
14:58:14 123.1	17	13200	
14:58:15 123.0	17	13188	
14:58:16 122.8	17	13170	
14:58:17 122.7	17	13159	
14:58:18 122.6	17	13141	
14:58:19 122.5	16.9	13130	
14:58:21 122.4	17	13112	
14:58:22 122.3	17	13100	
14:58:23 122.1	16.9	13082	
14:58:24 122.0	16.9	13069	
14:58:25 121.8	16.9	13059	
14:58:26 121.7	16.9	13038	
14:58:27 121.5	16.9	13027	
14:58:28 121.3	16.9	13008	
14:58:29 121.2	16.9	12995	
14:58:30 121.1	16.9	12976	
14:58:32 121.0	16.9	12965	
14:58:33 120.8	16.9	12947	
14:58:34 120.7	16.9	12934	
14:58:35 120.5	16.9	12915	
14:58:36 120.3	16.9	12904	
14:58:37 120.2	16.9	12884	
14:58:38 120.0	16.9	12872	
14:58:39 119.9	16.9	12853	
14:58:40 119.7	16.9	12840	
14:58:42 119.6	16.9	12827	
14:58:43 119.4	16.9	12808	
14:58:44 119.3	16.9	12794	
14:58:45 119.1	16.9	12776	
14:58:46 118.9	16.9	12763	
14:58:47 118.8	16.9	12743	
14:58:48 118.6	16.9	12729	
14:58:49 118.4	16.9	12710	
14:58:50 118.3	16.9	12696	
14:58:51 118.1	16.9	12676	
14:58:53 118.0	16.9	12663	
14:58:54 117.9	16.9	12649	
14:58:55 117.8	16.9	12629	
14:58:56 117.7	16.9	12615	
14:58:57 117.6	16.9	12592	
14:58:58 117.5	16.9	12578	
14:58:59 117.3	16.9	12556	
14:59:00 117.2	16.9	12541	
14:59:01 117.1	16.9	12521	
14:59:02 116.9	16.9	12504	
14:59:04 116.7	16.9	12483	
14:59:05 116.6	16.9	12468	
14:59:06 116.4	16.9	12445	
14:59:07 116.2	16.9	12430	
14:59:08 116.0	16.9	12406	
14:59:09 115.8	16.9	12393	
14:59:10 115.7	16.9	12378	
14:59:11 115.5	16.9	12356	
14:59:12 115.4	16.9	12341	
14:59:13 115.2	16.9	12319	
14:59:15 115.0	16.9	12303	
14:59:16 114.9	16.9	12281	
14:59:17 114.7	16.9	12265	
14:59:18 114.5	16.9	12243	
14:59:19 114.3	16.9	12226	
14:59:20 114.2	16.9	12204	
14:59:21 114.0	16.9	12188	
14:59:22 113.8	16.9	12173	
14:59:23 113.6	16.9	12149	
14:59:24 113.4	16.9	12135	
14:59:26 113.2	16.9	12111	
14:59:27 113.0	16.9	12096	
14:59:28 112.8	16.9	12073	
14:59:29 112.6	16.9	12058	
14:59:30 112.5	16.9	12035	
14:59:31 112.3	16.9	12020	
14:59:32 112.1	16.9	11996	
14:59:33 111.9	16.9	11981	
14:59:34 111.7	16.9	11967	
14:59:35 111.5	16.9	11945	
14:59:37 111.4	16.9	11929	
14:59:38 111.3	16.9	11908	
14:59:39 111.1	16.9	11894	
14:59:40 110.9	16.9	11872	
14:59:41 110.8	16.9	11858	
14:59:42 110.6	16.9	11835	
14:59:43 110.4	16.9	11822	
14:59:44 110.3	16.9	11801	
14:59:45 110.1	16.9	11788	
14:59:47 109.9	16.9	11768	
14:59:48 109.8	16.9	11756	
14:59:49 109.6	16.9	11736	
14:59:50 109.5	16.9	11724	
14:59:51 109.3	16.9	11711	
14:59:52 109.2	16.9	11693	
14:59:53 109.1	16.9	11681	
14:59:54 109.0	16.9	11665	
14:59:55 108.9	16.9	11652	
14:59:56 108.7	16.9	11636	
14:59:58 108.6	16.9	11625	
14:59:59 108.5	16.9	11609	
15:00:00 108.4	16.9	11598	
15:00:01 108.3	16.8	11584	
15:00:02 108.1	16.9	11575	
15:00:03 108.1	16.9	11566	
15:00:04 107.9	16.9	11552	
15:00:05 107.8	16.9	11544	
15:00:06 107.8	16.8	11531	
15:00:07 107.7	16.9	11523	
15:00:09 107.6	16.9	11511	
15:00:10 107.5	16.9	11503	
15:00:11 107.5	16.8	11493	
15:00:12 107.4	16.8	11485	
15:00:13 107.3	16.8	11475	
15:00:14 107.2	16.8	11467	
15:00:15 107.1	16.8	11457	
15:00:16 107.1	16.8	11450	
15:00:17 107.0	16.8	11442	
15:00:19 106.9	16.8	11436	
15:00:20 106.9	16.8	11427	
15:00:21 106.8	16.8	11420	
15:00:22 106.7	16.8	11415	
15:00:23 106.6	16.8	11406	
15:00:24 106.5	16.8	11401	
15:00:25 106.5	16.8	11392	
15:00:26 106.4	16.8	11386	
15:00:27 106.4	16.8	11378	
15:00:28 106.3	16.8	11372	
15:00:30 106.2	16.8	11363	
15:00:31 106.2	16.8	11358	
15:00:32 106.2	16.8	11349	
15:00:33 106.1	16.8	11343	
15:00:34 106.0	16.8	11334	
15:00:35 106.0	16.8	11328	
15:00:36 105.9	16.8	11321	
15:00:37 105.8	16.8	11312	
15:00:38 105.8	16.8	11305	
15:00:39 105.7	16.8	11296	
15:00:41 105.6	16.8	11290	
15:00:42 105.5	16.8	11278	
15:00:43 105.5	16.8	11271	
15:00:44 105.5	16.8	11260	
15:00:45 105.4	16.8	11254	
15:00:46 105.3	16.8	11243	
15:00:47 105.2	16.8	11237	
15:00:48 105.1	16.8	11229	
15:00:49 105.0	16.8	11218	
15:00:50 104.9	16.8	11212	
15:00:52 104.9	16.8	11202	
15:00:53 104.8	16.8	11195	
15:00:54 104.8	16.8	11185	
15:00:55 104.7	16.8	11178	
15:00:56 104.6	16.8	11168	
15:00:57 104.6	16.8	11161	
15:00:58 104.5	16.8	11151	
15:00:59 104.4	16.8	11145	
15:01:00 104.3	16.8	11139	
15:01:01 104.3	16.8	11129	
15:01:03 104.2	16.8	11123	
15:01:04 104.1	16.8	11116	
15:01:05 104.1	16.8	11109	
15:01:06 104.0	16.8	11101	
15:01:07 104.0	16.8	11098	
15:01:08 103.9	16.8	11089	
15:01:09 103.9	16.8	11083	
15:01:10 103.8	16.8	11076	
15:01:11 103.8	16.8	11073	
15:01:13 103.7	16.8	11067	
15:01:14 103.7	16.8	11063	
15:01:15 103.6	16.8	11060	
15:01:16 103.6	16.8	11053	
15:01:17 103.5	16.8	11051	
15:01:18 103.5	16.8	11047	
15:01:19 103.4	16.8	11043	
15:01:20 103.4	16.8	11038	
15:01:21 103.4	16.8	11036	
15:01:22 103.3	16.8	11032	
15:01:23 103.3	16.8	11030	
15:01:25 103.4	16.8	11028	
15:01:26 103.4	16.8	11026	
15:01:27 103.4	16.8	11024	
15:01:28 103.4	16.8	11021	
15:01:29 103.4	16.8	11021	
15:01:30 103.4	16.8	11017	
15:01:31 103.4	16.8	11017	
15:01:32 103.4	16.8	11015	
15:01:33 103.4	16.8	11014	
15:01:34 103.4	16.8	11013	
15:01:36 103.4	16.8	11014	
15:01:37 103.4	16.8	11014	
15:01:38 103.4	16.8	11014	
15:01:39 103.4	16.8	11015	
15:01:40 103.4	16.8	11015	
15:01:41 103.4	16.8	11017	
15:01:42 103.4	16.8	11018	
15:01:43 103.4	16.8	11019	
15:01:44 103.5	16.8	11020	
15:01:46 103.5	16.8	11021	
15:01:47 103.5	16.8	11023	
15:01:48 103.5	16.8	11024	
15:01:49 103.6	16.8	11026	
15:01:50 103.6	16.8	11026	
15:01:51 103.7	16.8	11028	
15:01:52 103.7	16.8	11029	
15:01:53 103.7	16.8	11030	
15:01:54 103.8	16.8	11032	
15:01:55 103.8	16.8	11032	
15:01:57 103.8	16.8	11033	
15:01:58 103.8	16.7	11034	
15:01:59 103.8	16.7	11036	
15:02:00 103.8	16.7	11036	
15:02:01 103.8	16.8	11039	
15:02:02 103.8	16.7	11041	
15:02:03 103.8	16.7	11042	
15:02:04 103.8	16.7	11041	
15:02:05 103.8	16.7	11046	
15:02:07 103.8	16.7	11047	
15:02:08 103.8	16.8	11051	
15:02:09 103.8	16.7	11051	
15:02:10 103.9	16.7	11053	
15:02:11 103.9	16.7	11052	
15:02:12 103.9	16.7	11055	
15:02:13 103.9	16.7	11054	
15:02:14 104.0	16.7	11052	
15:02:15 104.0	16.7	11049	
15:02:16 104.0	16.7	11046	
15:02:18 104.0	16.7	11038	
15:02:19 104.0	16.7	11032	
15:02:20 104.0	16.7	11022	
15:02:21 104.0	16.7	11014	
15:02:22 103.9	16.7	11003	
15:02:23 103.8	16.7	10995	
15:02:24 103.8	16.7	10981	
15:02:25 103.7	16.7	10974	
15:02:26 103.6	16.7	10965	
15:02:27 103.5	16.7	10952	
15:02:29 103.5	16.7	10942	
15:02:30 103.4	16.7	10929	
15:02:31 103.4	16.7	10921	
15:02:32 103.3	16.7	10909	
15:02:33 103.2	16.7	10900	
15:02:34 103.1	16.7	10888	
15:02:35 103.0	16.7	10880	
15:02:36 103.0	16.7	10870	
15:02:37 102.9	16.7	10862	
15:02:39 102.8	16.7	10851	
15:02:40 102.7	16.7	10843	
15:02:41 102.6	16.7	10832	
15:02:42 102.6	16.7	10825	
15:02:43 102.5	16.7	10819	
15:02:44 102.4	16.7	10807	
15:02:45 102.3	16.7	10799	
15:02:46 102.3	16.7	10787	
15:02:47 102.2	16.7	10780	
15:02:48 102.1	16.7	10767	
15:02:50 102.0	16.7	10758	
15:02:51 102.0	16.7	10744	
15:02:52 101.9	16.7	10735	
15:02:53 101.8	16.7	10720	
15:02:54 101.7	16.7	10711	
15:02:55 101.6	16.7	10693	
15:02:56 101.5	16.7	10683	
15:02:57 101.4	16.7	10667	
15:02:58 101.3	16.7	10655	
15:03:00 101.2	16.7	10637	
15:03:01 101.1	16.7	10626	
15:03:02 101.0	16.7	10614	
15:03:03 100.9	16.7	10596	
15:03:04 100.7	16.7	10584	
15:03:05 100.7	16.7	10566	
15:03:06 100.6	16.7	10554	
15:03:07 100.5	16.7	10536	
15:03:08 100.4	16.7	10525	
15:03:09 100.3	16.7	10506	
15:03:11 100.2	16.7	10495	
15:03:12 100.1	16.7	10478	
15:03:13 100.0	16.7	10466	
15:03:14 99.9	16.7	10450	
15:03:15 99.8	16.7	10439	
15:03:16 99.7	16.7	10428	
15:03:17 99.7	16.7	10412	
15:03:18 99.6	16.7	10401	
15:03:19 99.5	16.7	10386	
15:03:20 99.4	16.7	10377	
15:03:22 99.2	16.7	10361	
15:03:23 99.1	16.7	10351	
15:03:24 99.0	16.7	10336	
15:03:25 98.9	16.7	10326	
15:03:26 98.9	16.7	10311	
15:03:27 98.8	16.7	10302	
15:03:28 98.7	16.7	10288	
15:03:29 98.6	16.7	10278	
15:03:30 98.6	16.7	10263	
15:03:32 98.5	16.7	10254	
15:03:33 98.4	16.7	10244	
15:03:34 98.3	16.7	10230	
15:03:35 98.2	16.7	10219	
15:03:36 98.0	16.7	10205	
15:03:37 97.9	16.7	10196	
15:03:38 97.8	16.7	10181	
15:03:39 97.7	16.7	10171	
15:03:40 97.6	16.7	10156	
15:03:41 97.5	16.7	10147	
15:03:43 97.4	16.7	10131	
15:03:44 97.3	16.7	10120	
15:03:45 97.2	16.7	10110	
15:03:46 97.1	16.7	10094	
15:03:47 97.0	16.7	10084	
15:03:48 96.9	16.7	10066	
15:03:49 96.7	16.7	10056	
15:03:50 96.6	16.7	10037	
15:03:51 96.5	16.7	10026	
15:03:52 96.4	16.7	10007	
15:03:54 96.3	16.7	9994	
15:03:55 96.2	16.7	9975	
15:03:56 96.0	16.7	9963	
15:03:57 95.9	16.7	9942	
15:03:58 95.8	16.7	9928	
15:03:59 95.6	16.7	9908	
15:04:00 95.5	16.7	9894	
15:04:01 95.3	16.7	9873	
15:04:02 95.2	16.7	9860	
15:04:04 95.1	16.7	9838	
15:04:05 94.9	16.7	9825	
15:04:06 94.8	16.7	9812	
15:04:07 94.7	16.7	9790	
15:04:08 94.6	16.7	9776	
15:04:09 94.4	16.7	9757	
15:04:10 94.3	16.7	9741	
15:04:11 94.2	16.7	9722	
15:04:12 94.0	16.7	9709	
15:04:13 93.9	16.7	9688	
15:04:15 93.7	16.7	9674	
15:04:16 93.6	16.7	9654	
15:04:17 93.4	16.7	9641	
15:04:18 93.3	16.7	9627	
15:04:19 93.1	16.7	9607	
15:04:20 93.0	16.7	9594	
15:04:21 92.8	16.7	9574	
15:04:22 92.7	16.7	9562	
15:04:23 92.5	16.7	9542	
15:04:24 92.4	16.7	9530	
15:04:26 92.2	16.7	9511	
15:04:27 92.0	16.7	9497	
15:04:28 91.9	16.7	9480	
15:04:29 91.7	16.7	9468	
15:04:30 91.6	16.7	9448	
15:04:31 91.4	16.7	9436	
15:04:32 91.3	16.7	9426	
15:04:33 91.1	16.7	9406	
15:04:34 91.0	16.7	9396	
15:04:35 90.8	16.7	9379	
15:04:37 90.7	16.7	9367	
15:04:38 90.6	16.7	9350	
15:04:39 90.4	16.7	9339	
15:04:40 90.3	16.7	9323	
15:04:41 90.2	16.7	9312	
15:04:42 90.0	16.7	9302	
15:04:43 89.9	16.7	9288	
15:04:44 89.8	16.7	9278	
15:04:45 89.7	16.7	9264	
15:04:46 89.6	16.7	9255	
15:04:48 89.5	16.7	9243	
15:04:49 89.3	16.7	9234	
15:04:50 89.2	16.7	9220	
15:04:51 89.1	16.7	9214	
15:04:52 89.0	16.7	9202	
15:04:53 88.9	16.7	9195	
15:04:54 88.8	16.7	9188	
15:04:55 88.7	16.7	9178	
15:04:56 88.6	16.7	9170	
15:04:57 88.5	16.7	9161	
15:04:59 88.4	16.7	9154	
15:05:00 88.3	16.7	9145	
15:05:01 88.2	16.7	9139	
15:05:02 88.1	16.7	9131	
15:05:03 88.0	16.7	9125	
15:05:04 87.9	16.7	9116	
15:05:05 87.7	16.7	9110	
15:05:06 87.6	16.7	9103	
15:05:07 87.5	16.7	9098	
15:05:08 87.4	16.7	9093	
15:05:10 87.3	16.7	9087	
15:05:11 87.2	16.7	9084	
15:05:12 87.1	16.7	9078	
15:05:13 87.1	16.7	9075	
15:05:14 87.0	16.7	9074	
15:05:15 87.0	16.7	9072	
15:05:16 86.9	16.7	9069	
15:05:17 86.8	16.7	9066	
15:05:18 86.7	16.7	9063	
15:05:20 86.7	16.7	9063	
15:05:21 86.6	16.7	9063	
15:05:22 86.6	16.7	9063	
15:05:23 86.5	16.7	9066	
15:05:24 86.5	16.7	9068	
15:05:25 86.4	16.7	9069	
15:05:26 86.4	16.7	9075	
15:05:27 86.4	16.7	9081	
15:05:28 86.4	16.7	9090	
15:05:29 86.5	16.7	9097	
15:05:31 86.5	16.7	9109	
15:05:32 86.5	16.7	9119	
15:05:33 86.5	16.7	9137	
15:05:34 86.6	16.7	9151	
15:05:35 86.6	16.7	9173	
15:05:36 86.8	16.7	9191	
15:05:37 86.9	16.7	9220	
15:05:38 87.0	16.7	9245	
15:05:39 87.2	16.7	9305	
15:05:41 87.5	16.7	9374	
15:05:42 88.5	16.7	9521	
15:05:43 89.7	16.7	9658	
15:05:44 91.0	16.7	9850	
15:05:45 92.6	16.7	10114	
15:05:46 94.1	16.7	10195	
15:05:47 94.6	16.7	10203	
15:05:48 95.0	16.7	10231	
15:05:49 95.3	16.7	10309	
15:05:50 96.5	16.7	10442	
15:05:52 97.7	16.7	10684	
15:05:53 99.5	16.7	10882	
15:05:54 101.7	16.7	11222	
15:05:55 103.9	16.7	11396	
15:05:56 105.7	16.7	11575	
15:05:57 108.0	16.7	11887	
15:05:58 109.9	16.7	11987	
15:05:59 110.1	16.7	11748	
15:06:00 107.7	16.7	11408	
15:06:01 106.6	16.7	10935	
15:06:03 103.5	16.7	10836	
15:06:04 102.7	16.7	10898	
15:06:05 103.0	16.7	10893	
15:06:06 102.2	16.7	10847	
15:06:07 102.1	16.7	10817	
15:06:08 102.5	16.7	10908	
15:06:09 102.8	16.7	11243	
15:06:10 105.8	16.7	11519	
15:06:11 108.2	16.7	11960	
15:06:12 111.4	16.7	12294	
15:06:14 114.5	16.7	12755	
15:06:15 117.7	16.7	13036	
15:06:16 120.4	16.7	13328	
15:06:17 122.7	16.7	13503	
15:06:18 124.7	16.7	13692	
15:06:19 126.3	16.8	13819	
15:06:20 128.2	16.7	14146	
15:06:21 130.5	16.7	14299	
15:06:22 132.2	16.7	14368	
15:06:23 133.5	16.8	14453	
15:06:25 134.5	16.8	14518	
15:06:26 135.7	16.8	14657	
15:06:27 136.8	16.8	14727	
15:06:28 137.4	16.8	14719	
15:06:29 136.8	16.8	14633	
15:06:30 135.9	16.8	14268	
15:06:31 134.3	16.8	13954	
15:06:32 131.9	16.7	13897	
15:06:33 132.2	16.8	13986	
15:06:34 132.9	16.8	14119	
15:06:36 133.0	16.8	14127	
15:06:37 132.8	16.8	14038	
15:06:38 131.8	16.8	13875	
15:06:39 131.4	16.8	13858	
15:06:40 131.9	16.8	14266	
15:06:41 135.7	16.8	14930	
15:06:42 142.7	16.8	16235	
15:06:43 151.0	16.8	17158	
15:06:44 159.3	16.8	18201	
15:06:46 165.8	16.8	18520	
15:06:47 169.3	16.8	18514	
15:06:48 168.9	16.8	18046	
15:06:49 164.4	16.8	16838	
15:06:50 157.8	16.8	15966	
15:06:51 151.5	16.8	15604	
15:06:52 151.9	16.8	16320	
15:06:53 156.2	16.8	17105	
15:06:54 163.6	16.8	18321	
15:06:55 171.1	16.8	18960	
15:06:57 175.9	16.8	19246	
15:06:58 176.7	16.8	18906	
15:06:59 173.5	16.8	18042	
15:07:00 170.1	16.8	17556	
15:07:01 164.8	16.8	16796	
15:07:02 159.5	16.8	16259	
15:07:03 153.8	16.8	15306	
15:07:04 147.1	16.8	14729	
15:07:05 141.1	16.8	13952	
15:07:06 135.5	16.8	13484	
15:07:08 130.3	16.8	12970	
15:07:09 126.3	16.8	12770	
15:07:10 123.4	16.8	12656	
15:07:11 121.5	16.8	12560	
15:07:12 120.0	16.8	12539	
15:07:13 119.1	16.8	12533	
15:07:14 118.6	16.8	12563	
15:07:15 118.5	16.8	12686	
15:07:16 120.0	16.8	12869	
15:07:18 120.6	16.8	13369	
15:07:19 123.7	16.8	13632	
15:07:20 125.5	16.8	13772	
15:07:21 126.0	16.8	13640	
15:07:22 124.2	16.8	13224	
15:07:23 123.5	16.8	13044	
15:07:24 121.0	16.8	12915	
15:07:25 120.5	16.8	12896	
15:07:26 120.2	16.8	12895	
15:07:27 120.1	16.8	12912	
15:07:29 120.2	16.9	12930	
15:07:30 120.1	16.8	12964	
15:07:31 120.1	16.8	12996	
15:07:32 120.3	16.8	13092	
15:07:33 120.7	16.8	13205	
15:07:34 122.8	16.8	13415	
15:07:35 124.1	16.9	13564	
15:07:36 125.8	16.8	13768	
15:07:37 127.3	16.8	13865	
15:07:39 128.3	16.9	13877	
15:07:40 127.9	16.8	13766	
15:07:41 126.9	16.9	13403	
15:07:42 126.1	16.9	13134	
15:07:43 122.8	16.9	12911	
15:07:44 121.0	16.8	12695	
15:07:45 119.7	16.8	12623	
15:07:46 118.8	16.8	12541	
15:07:47 118.1	16.8	12498	
15:07:48 117.5	16.8	12445	
15:07:50 117.1	16.8	12417	
15:07:51 116.9	16.8	12382	
15:07:52 116.6	16.8	12366	
15:07:53 116.3	16.8	12353	
15:07:54 116.1	16.8	12349	
15:07:55 116.1	16.8	12348	
15:07:56 116.0	16.8	12352	
15:07:57 115.8	16.8	12358	
15:07:58 115.7	16.8	12371	
15:08:00 115.6	16.8	12382	
15:08:01 115.6	16.8	12402	
15:08:02 115.6	16.8	12416	
15:08:03 115.7	16.8	12440	
15:08:04 115.7	16.8	12457	
15:08:05 115.8	16.8	12484	
15:08:06 115.9	16.8	12503	
15:08:07 116.0	16.8	12533	
15:08:08 116.2	16.8	12554	
15:08:09 116.3	16.8	12586	
15:08:11 116.5	16.8	12608	
15:08:12 116.7	16.8	12643	
15:08:13 116.8	16.8	12666	
15:08:14 117.1	16.8	12690	
15:08:15 117.3	16.8	12728	
15:08:16 117.7	16.8	12754	
15:08:17 117.8	16.8	12791	
15:08:18 118.2	16.8	12818	
15:08:19 118.4	16.8	12858	
15:08:20 118.5	16.8	12884	
15:08:22 119.1	16.8	12926	
15:08:23 119.2	16.8	12953	
15:08:24 119.5	16.8	12996	
15:08:25 120.0	16.8	13027	
15:08:26 120.3	16.8	13058	
15:08:27 120.5	16.8	13108	
15:08:28 121.0	16.8	13142	
15:08:29 121.3	16.8	13197	
15:08:30 121.8	16.8	13236	
15:08:31 122.0	16.8	13298	
15:08:33 122.6	16.8	13343	
15:08:34 123.0	16.8	13413	
15:08:35 123.4	16.8	13464	
15:08:36 124.1	16.8	13543	
15:08:37 124.6	16.8	13602	
15:08:38 125.1	16.8	13671	
15:08:39 125.9	16.8	13790	
15:08:40 126.8	16.8	13868	
15:08:41 127.4	16.8	13969	
15:08:42 128.1	16.8	14027	
15:08:44 128.8	16.8	14127	
15:08:45 129.7	16.8	14229	
15:08:46 131.2	16.8	14506	
15:08:47 133.5	16.8	14799	
15:08:48 136.8	16.8	15468	
15:08:49 141.7	16.8	16137	
15:08:50 149.0	16.8	17415	
15:08:51 157.1	16.8	18254	
15:08:52 164.5	16.8	18853	
15:08:53 170.0	16.8	19337	
15:08:55 173.5	16.8	19482	
15:08:56 176.1	16.8	19700	
15:08:57 179.0	16.8	19920	
15:08:58 182.1	16.9	20292	
15:08:59 184.2	16.9	20290	
15:09:00 183.1	16.9	19630	
15:09:01 179.0	16.9	18917	
15:09:02 173.4	16.9	18259	
15:09:03 172.0	16.9	18521	
15:09:05 175.5	16.9	19748	
15:09:06 183.6	16.9	20715	
15:09:07 191.8	16.9	22065	
15:09:08 200.1	16.9	22820	
15:09:09 207.8	16.9	23438	
15:09:10 215.5	16.9	24671	
15:09:11 224.6	16.9	25515	
15:09:12 232.6	16.9	26235	
15:09:13 236.8	16.9	26334	
15:09:14 238.7	16.9	26247	
15:09:16 239.5	16.9	26169	
15:09:17 241.1	16.9	26464	
15:09:18 243.4	16.9	26600	
15:09:19 244.2	16.9	26264	
15:09:20 240.1	16.9	25451	
15:09:21 232.6	16.9	23782	
15:09:22 222.0	16.9	22706	
15:09:23 213.8	16.9	22096	
15:09:24 208.8	16.9	21550	
15:09:25 204.7	16.9	21268	
15:09:27 201.0	16.9	20869	
15:09:28 197.6	17	20663	
15:09:29 195.1	17	20398	
15:09:30 192.9	17	20354	
15:09:31 192.4	17	20569	
15:09:32 192.9	17	20694	
15:09:33 192.7	17	20543	
15:09:34 191.0	17	20316	
15:09:35 188.8	17	20100	
15:09:36 186.5	17	19712	
15:09:38 183.8	17	19438	
15:09:39 181.4	17	19133	
15:09:40 179.6	17	19037	
15:09:41 178.7	17	19038	
15:09:42 178.4	17	19093	
15:09:43 178.4	17	19182	
15:09:44 179.2	17	19237	
15:09:45 179.1	17	19311	
15:09:46 179.1	17	19358	
15:09:47 179.2	17	19432	
15:09:49 179.3	17	19473	
15:09:50 179.5	17	19506	
15:09:51 179.8	17	19552	
15:09:52 180.0	17	19583	
15:09:53 180.3	17	19646	
15:09:54 181.0	17	19709	
15:09:55 181.8	17	19832	
15:09:56 182.7	17	19911	
15:09:57 183.1	17	19987	
15:09:58 183.7	17	20027	
15:10:00 184.3	17	20090	
15:10:01 184.8	17	20115	
15:10:02 185.2	17	20147	
15:10:03 185.8	17	20205	
15:10:04 186.1	17	20248	
15:10:05 186.4	17	20287	
15:10:06 186.3	17	20243	
15:10:07 185.9	17	19910	
15:10:08 182.7	17	19541	
15:10:09 179.2	17	18840	
15:10:11 174.9	17	18455	
15:10:12 172.2	17	18296	
15:10:13 171.6	17	18399	
15:10:14 172.5	17	18762	
15:10:15 174.6	17	19036	
15:10:16 175.3	17	19391	
15:10:17 178.3	17	19617	
15:10:18 179.6	17	19741	
15:10:19 179.7	17	19672	
15:10:20 178.6	17	19522	
15:10:22 178.2	17	19266	
15:10:23 176.0	17	19107	
15:10:24 175.2	17	18994	
15:10:25 174.8	17	18960	
15:10:26 174.3	17	18875	
15:10:27 174.0	17	18860	
15:10:28 173.7	17	18833	
15:10:29 173.3	17	18792	
15:10:30 172.6	17	18686	
15:10:32 171.2	17	18526	
15:10:33 169.5	17	18174	
15:10:34 167.4	17	17959	
15:10:35 165.3	17	17767	
15:10:36 163.5	17	17504	
15:10:37 161.9	17	17363	
15:10:38 160.6	17	17247	
15:10:39 159.8	17	17212	
15:10:40 159.4	17	17198	
15:10:41 159.1	17	17200	
15:10:43 159.1	17	17189	
15:10:44 158.8	17.1	17175	
15:10:45 158.6	17	17142	
15:10:46 158.2	17.1	17115	
15:10:47 157.8	17.1	17052	
15:10:48 157.1	17.1	16993	
15:10:49 156.4	17.1	16913	
15:10:50 155.4	17.1	16761	
15:10:51 154.4	17.1	16659	
15:10:53 153.6	17.1	16570	
15:10:54 153.1	17.1	16538	
15:10:55 152.3	17.1	16471	
15:10:56 151.7	17.1	16398	
15:10:57 150.9	17.1	16272	
15:10:58 149.7	17.1	16144	
15:10:59 148.3	17.1	15906	
15:11:00 146.6	17.1	15753	
15:11:01 145.1	17.1	15563	
15:11:02 143.7	17.1	15485	
15:11:04 142.7	17.1	15434	
15:11:05 142.3	17.1	15443	
15:11:06 142.8	17.1	15485	
15:11:07 142.8	17.1	15575	
15:11:08 143.1	17.1	15659	
15:11:09 143.3	17.1	15816	
15:11:10 143.9	17.1	15921	
15:11:11 145.9	17.1	16114	
15:11:12 147.0	17.1	16263	
15:11:13 148.3	17.1	16456	
15:11:15 149.5	17.1	16547	
15:11:16 150.2	17.1	16551	
15:11:17 149.5	17.1	16447	
15:11:18 149.0	17.1	16184	
15:11:19 148.4	17.1	15977	
15:11:20 145.5	17.1	15636	
15:11:21 143.5	17.1	15414	
15:11:22 141.5	17.1	15116	
15:11:23 139.6	17.1	14951	
15:11:25 138.0	17.1	14828	
15:11:26 136.7	17.1	14672	
15:11:27 135.5	17.1	14568	
15:11:28 134.4	17.1	14434	
15:11:29 133.5	17.1	14361	
15:11:30 132.7	17.1	14273	
15:11:31 132.0	17.1	14223	
15:11:32 131.3	17.1	14151	
15:11:33 130.9	17.1	14105	
15:11:34 130.4	17.1	14040	
15:11:35 130.0	17.1	13998	
15:11:37 129.2	17.1	13958	
15:11:38 128.9	17.1	13898	
15:11:39 128.3	17.1	13859	
15:11:40 128.0	17.1	13801	
15:11:41 127.5	17.1	13765	
15:11:42 127.2	17.1	13707	
15:11:43 126.7	17.1	13670	
15:11:44 126.3	17.1	13618	
15:11:45 125.8	17.1	13585	
15:11:47 125.4	17.1	13533	
15:11:48 125.2	17.1	13501	
15:11:49 124.8	17.1	13454	
15:11:50 124.4	17.1	13423	
15:11:51 123.8	17.1	13392	
15:11:52 123.6	17.1	13345	
15:11:53 123.0	17.1	13317	
15:11:54 123.0	17.1	13272	
15:11:55 122.5	17.1	13242	
15:11:56 122.2	17.1	13197	
15:11:58 121.8	17.1	13165	
15:11:59 121.2	17.1	13117	
15:12:00 120.9	17.1	13085	
15:12:01 120.7	17.1	13035	
15:12:02 120.1	17.1	13002	
15:12:03 119.9	17.1	12950	
15:12:04 119.5	17.1	12916	
15:12:05 119.2	17.1	12863	
15:12:06 118.6	17.1	12825	
15:12:07 118.2	17.1	12785	
15:12:09 117.8	17.1	12725	
15:12:10 117.4	17.1	12684	
15:12:11 117.0	17.1	12622	
15:12:12 116.4	17.1	12581	
15:12:13 116.1	17.1	12517	
15:12:14 115.5	17.1	12473	
15:12:15 115.0	17.1	12403	
15:12:16 114.5	17.1	12356	
15:12:17 114.0	17.1	12285	
15:12:19 113.4	17.1	12241	
15:12:20 112.8	17.1	12173	
15:12:21 112.3	17.1	12129	
15:12:22 112.0	17.1	12065	
15:12:23 111.4	17.1	12022	
15:12:24 110.9	17.1	11981	
15:12:25 110.4	17.1	11920	
15:12:26 109.9	17.1	11881	
15:12:27 109.5	17.1	11819	
15:12:28 109.0	17.1	11780	
15:12:30 108.5	17.1	11722	
15:12:31 108.2	17.1	11685	
15:12:32 107.8	17.1	11630	
15:12:33 107.4	17.1	11596	
15:12:34 106.8	17.1	11541	
15:12:35 106.6	17.1	11507	
15:12:36 106.1	17.1	11470	
15:12:37 105.8	17.1	11412	
15:12:38 105.3	17.1	11376	
15:12:39 105.1	17.1	11322	
15:12:41 104.6	17.1	11286	
15:12:42 104.0	17.1	11229	
15:12:43 103.9	17.1	11193	
15:12:44 103.3	17.1	11136	
15:12:45 102.9	17.1	11098	
15:12:46 102.5	17.1	11043	
15:12:47 102.3	17.1	11007	
15:12:48 101.9	17	10956	
15:12:49 101.5	17.1	10921	
15:12:50 101.2	17	10888	
15:12:52 100.8	17.1	10839	
15:12:53 100.4	17.1	10808	
15:12:54 99.8	17.1	10761	
15:12:55 99.5	17.1	10732	
15:12:56 99.3	17	10690	
15:12:57 98.9	17	10661	
15:12:58 98.8	17	10622	
15:12:59 98.2	17	10594	
15:13:00 97.9	17	10552	
15:13:01 97.5	17	10522	
15:13:03 97.2	17	10476	
15:13:04 96.8	17	10445	
15:13:05 96.7	17	10416	
15:13:06 96.6	17	10374	
15:13:07 96.1	17	10349	
15:13:08 95.9	17	10312	
15:13:09 95.6	17	10289	
15:13:10 95.3	17	10255	
15:13:11 95.0	17	10235	
15:13:12 94.7	17	10205	
15:13:14 94.6	17	10188	
15:13:15 94.2	17	10159	
15:13:16 93.9	17	10142	
15:13:17 93.9	17	10123	
15:13:18 93.5	17	10097	
15:13:19 93.5	17	10079	
15:13:20 93.3	17	10051	
15:13:21 93.1	17	10031	
15:13:22 92.9	17	10002	
15:13:23 92.6	17	9982	
15:13:25 92.4	17	9956	
15:13:26 92.2	17	9937	
15:13:27 92.0	17	9913	
15:13:28 91.8	17	9899	
15:13:29 91.4	17	9880	
15:13:30 91.4	17	9868	
15:13:31 91.3	17	9856	
15:13:32 91.2	17	9849	
15:13:33 91.0	17	9841	
15:13:35 90.9	17	9836	
15:13:36 90.9	17	9829	
15:13:37 90.7	17	9820	
15:13:38 90.7	17	9813	
15:13:39 90.6	17	9802	
15:13:40 90.5	17	9795	
15:13:41 90.4	17	9784	
15:13:42 90.3	17	9775	
15:13:43 90.2	17	9759	
15:13:44 90.1	17	9742	
15:13:46 90.0	17	9716	
15:13:47 90.0	17	9694	
15:13:48 89.8	17	9671	
15:13:49 89.6	17	9634	
15:13:50 89.3	17	9615	
15:13:51 89.1	17	9589	
15:13:52 88.9	17	9577	
15:13:53 88.8	17	9570	
15:13:54 88.7	17	9572	
15:13:55 88.7	17	9584	
15:13:57 88.7	17	9593	
15:13:58 88.7	17	9603	
15:13:59 88.7	17	9599	
15:14:00 88.7	17	9581	
15:14:01 88.7	17	9559	
15:14:02 88.6	17	9523	
15:14:03 88.5	17	9498	
15:14:04 88.3	17	9480	
15:14:05 88.1	17	9461	
15:14:07 88.0	17	9454	
15:14:08 87.9	17	9452	
15:14:09 87.8	17	9456	
15:14:10 87.8	17	9465	
15:14:11 87.7	17	9473	
15:14:12 87.7	17	9482	
15:14:13 87.7	17	9488	
15:14:14 87.8	17	9494	
15:14:15 87.8	17	9499	
15:14:16 87.9	17	9503	
15:14:17 88.0	17	9511	
15:14:19 88.0	17	9517	
15:14:20 88.1	16.9	9525	
15:14:21 88.1	16.9	9530	
15:14:22 88.1	16.9	9537	
15:14:23 88.2	16.9	9540	
15:14:24 88.2	17	9543	
15:14:25 88.2	17	9542	
15:14:26 88.2	17	9540	
15:14:27 88.3	16.9	9536	
15:14:28 88.3	16.9	9530	
15:14:30 88.3	17	9525	
15:14:31 88.3	16.9	9520	
15:14:32 88.3	16.9	9509	
15:14:33 88.2	16.9	9502	
15:14:34 88.2	16.9	9488	
15:14:35 88.2	16.9	9480	
15:14:36 88.1	16.9	9466	
15:14:37 88.0	16.9	9456	
15:14:38 87.9	16.9	9441	
15:14:40 87.8	16.9	9432	
15:14:41 87.7	16.9	9419	
15:14:42 87.6	16.9	9411	
15:14:43 87.5	16.9	9404	
15:14:44 87.4	16.9	9395	
15:14:45 87.3	16.9	9391	
15:14:46 87.2	16.9	9381	
15:14:47 87.1	16.9	9376	
15:14:48 87.0	16.9	9364	
15:14:49 86.9	16.9	9358	
15:14:51 86.9	16.9	9344	
15:14:52 86.7	16.9	9335	
15:14:53 86.7	16.9	9318	
15:14:54 86.6	16.9	9308	
15:14:55 86.5	16.9	9292	
15:14:56 86.4	16.9	9283	
15:14:57 86.3	16.9	9267	
15:14:58 86.2	16.9	9259	
15:14:59 86.1	16.9	9252	
15:15:00 86.0	16.9	9243	
15:15:02 86.0	16.9	9243	
15:15:03 85.9	16.9	9230	
15:15:04 85.9	16.9	9226	
15:15:05 85.8	16.9	9219	
15:15:06 85.7	16.9	9215	
15:15:07 85.7	16.9	9208	
15:15:08 85.6	16.9	9203	
15:15:09 85.5	16.9	9197	
15:15:10 85.5	16.9	9193	
15:15:11 85.5	16.9	9189	
15:15:13 85.4	16.9	9184	
15:15:14 85.4	16.9	9180	
15:15:15 85.3	16.9	9174	
15:15:16 85.3	16.9	9172	
15:15:17 85.2	16.9	9170	
15:15:18 85.1	16.9	9168	
15:15:19 85.1	16.9	9167	
15:15:20 85.0	16.9	9167	
15:15:21 85.0	16.9	9167	
15:15:22 85.0	16.9	9169	
15:15:24 85.0	16.9	9170	
15:15:25 85.0	16.9	9171	
15:15:26 85.1	16.9	9174	
15:15:27 85.1	16.9	9179	
15:15:28 85.1	16.9	9184	
15:15:29 85.1	16.9	9190	
15:15:30 85.2	16.9	9195	
15:15:31 85.3	16.9	9203	
15:15:32 85.4	16.9	9209	
15:15:33 85.4	16.9	9216	
15:15:34 85.5	16.9	9228	
15:15:36 85.7	16.9	9235	
15:15:37 85.7	16.9	9249	
15:15:38 85.8	16.9	9258	
15:15:39 85.9	16.9	9271	
15:15:40 86.0	16.9	9282	
15:15:41 86.1	16.9	9292	
15:15:42 86.2	16.9	9307	
15:15:43 86.4	16.9	9317	
15:15:44 86.5	16.9	9333	
15:15:45 86.6	16.9	9343	
15:15:46 86.7	16.9	9359	
15:15:48 86.8	16.9	9369	
15:15:49 86.9	16.9	9386	
15:15:50 87.1	16.9	9397	
15:15:51 87.2	16.9	9408	
15:15:52 87.3	16.9	9426	
15:15:53 87.4	16.9	9440	
15:15:54 87.6	16.9	9459	
15:15:55 87.7	16.9	9474	
15:15:56 87.9	16.9	9496	
15:15:57 88.0	16.9	9510	
15:15:59 88.1	16.9	9535	
15:16:00 88.3	16.9	9551	
15:16:01 88.5	16.9	9568	
15:16:02 88.6	16.9	9595	
15:16:03 88.8	16.9	9613	
15:16:04 89.0	16.9	9640	
15:16:05 89.2	16.9	9658	
15:16:06 89.4	16.9	9686	
15:16:07 89.6	16.9	9704	
15:16:08 89.7	16.9	9732	
15:16:10 90.0	16.9	9751	
15:16:11 90.1	16.9	9778	
15:16:12 90.3	16.9	9798	
15:16:13 90.5	16.9	9816	
15:16:14 90.9	16.9	9842	
15:16:15 90.9	16.9	9860	
15:16:16 91.2	16.9	9885	
15:16:17 91.4	16.9	9902	
15:16:18 91.6	16.9	9929	
15:16:19 92.1	16.9	9946	
15:16:20 92.3	16.9	9970	
15:16:22 92.5	16.9	9986	
15:16:23 92.5	16.9	10002	
15:16:24 92.8	16.9	10025	
15:16:25 93.0	16.9	10039	
15:16:26 93.2	16.9	10060	
15:16:27 93.4	16.9	10074	
15:16:28 93.6	16.9	10096	
15:16:29 93.8	16.9	10112	
15:16:30 94.0	16.9	10133	
15:16:31 94.2	16.9	10150	
15:16:32 94.4	16.9	10166	
15:16:34 94.6	16.9	10193	
15:16:35 95.0	16.9	10211	
15:16:36 95.0	16.9	10239	
15:16:37 95.4	16.9	10256	
15:16:38 95.4	16.9	10286	
15:16:39 95.6	16.8	10307	
15:16:40 95.8	16.9	10336	
15:16:41 96.0	16.9	10355	
15:16:42 96.2	16.9	10374	
15:16:43 96.4	16.9	10404	
15:16:45 96.6	16.9	10422	
15:16:46 96.8	16.9	10449	
15:16:47 97.1	16.9	10469	
15:16:48 97.3	16.9	10499	
15:16:49 97.5	16.9	10517	
15:16:50 97.7	16.9	10547	
15:16:51 98.0	16.9	10566	
15:16:52 98.2	16.9	10587	
15:16:53 98.4	16.9	10613	
15:16:54 98.7	16.9	10629	
15:16:56 98.9	16.9	10653	
15:16:57 99.4	16.9	10671	
15:16:58 99.6	16.9	10696	
15:16:59 99.6	16.9	10715	
15:17:00 99.9	16.9	10744	
15:17:01 100.1	16.9	10763	
15:17:02 100.3	16.9	10782	
15:17:03 100.7	16.9	10811	
15:17:04 101.0	16.9	10828	
15:17:05 101.0	16.9	10855	
15:17:06 101.2	16.9	10872	
15:17:08 101.4	16.9	10894	
15:17:09 101.6	16.9	10910	
15:17:10 102.0	16.9	10933	
15:17:11 102.0	16.9	10948	
15:17:12 102.2	16.9	10972	
15:17:13 102.4	16.9	10988	
15:17:14 102.8	16.9	11005	
15:17:15 102.9	16.9	11031	
15:17:16 103.1	16.9	11052	
15:17:17 103.3	16.9	11079	
15:17:19 103.7	16.9	11100	
15:17:20 104.0	16.9	11135	
15:17:21 104.0	16.9	11135	
15:17:22 104.0	16.9	11135	
15:17:23 104.7	16.9	11222	
15:17:24 105.0	16.9	11250	
15:17:25 105.3	16.9	11292	
15:17:26 105.6	16.9	11320	
15:17:27 106.2	16.9	11349	
15:17:28 106.5	16.9	11396	
15:17:29 107.0	16.9	11423	
15:17:30 107.4	16.8	11470	
15:17:31 107.7	16.9	11504	
15:17:33 108.1	16.9	11554	
15:17:34 108.3	16.9	11589	
15:17:35 108.7	16.8	11626	
15:17:36 109.3	16.9	11681	
15:17:37 109.8	16.9	11717	
15:17:38 110.2	16.9	11771	
15:17:39 110.8	16.8	11808	
15:17:40 111.0	16.8	11862	
15:17:41 111.5	16.8	11901	
15:17:42 111.9	16.8	11955	
15:17:43 112.3	16.9	11991	
15:17:45 112.5	16.8	12028	
15:17:46 113.1	16.8	12079	
15:17:47 113.5	16.8	12111	
15:17:48 113.7	16.8	12154	
15:17:49 114.3	16.8	12181	
15:17:50 114.6	16.8	12218	
15:17:51 115.0	16.8	12241	
15:17:52 115.2	16.8	12273	
15:17:53 115.5	16.8	12291	
15:17:54 115.6	16.8	12318	
15:17:56 115.9	16.8	12335	
15:17:57 116.2	16.8	12350	
15:17:58 116.5	16.9	12376	
15:17:59 116.8	16.8	12393	
15:18:00 117.1	16.8	12421	
15:18:01 117.1	16.8	12445	
15:18:02 117.6	16.8	12483	
15:18:03 117.9	16.8	12512	
15:18:04 118.4	16.8	12565	
15:18:05 118.8	16.8	12603	
15:18:07 119.4	16.8	12647	
15:18:08 119.8	16.8	12720	
15:18:09 120.5	16.8	12774	
15:18:10 121.2	16.8	12861	
15:18:11 121.8	16.8	12919	
15:18:12 122.6	16.8	13014	
15:18:13 123.5	16.8	13082	
15:18:14 124.2	16.8	13189	
15:18:15 125.0	16.8	13266	
15:18:16 126.0	16.8	13392	
15:18:18 127.0	16.8	13482	
15:18:19 128.0	16.8	13582	
15:18:20 129.2	16.9	13747	
15:18:21 130.5	16.9	13877	
15:18:22 131.9	16.8	14081	
15:18:23 133.5	16.8	14231	
15:18:24 135.1	16.8	14468	
15:18:25 136.9	16.8	14628	
15:18:26 138.8	16.9	14872	
15:18:27 140.7	16.8	15035	
15:18:28 142.6	16.8	15280	
15:18:30 144.4	16.8	15439	
15:18:31 146.2	16.8	15593	
15:18:32 148.0	16.9	15812	
15:18:33 149.9	16.9	15950	
15:18:34 151.6	16.9	16146	
15:18:35 153.3	16.9	16274	
15:18:36 154.9	16.9	16458	
15:18:37 156.5	16.9	16568	
15:18:38 158.0	16.9	16727	
15:18:39 159.3	16.9	16820	
15:18:41 160.6	16.9	16910	
15:18:42 161.8	16.9	17040	
15:18:43 162.9	16.9	17126	
15:18:44 164.2	16.9	17250	
15:18:45 165.2	16.9	17335	
15:18:46 166.2	16.9	17445	
15:18:47 167.2	16.9	17519	
15:18:48 168.1	16.9	17619	
15:18:49 169.0	16.9	17679	
15:18:50 169.9	16.9	17739	
15:18:51 170.5	16.9	17810	
15:18:53 171.0	16.9	17843	
15:18:54 171.5	16.9	17897	
15:18:55 172.1	16.9	17929	
15:18:56 172.5	16.9	17968	
15:18:57 172.9	16.9	18002	
15:18:58 173.1	16.9	18049	
15:18:59 173.8	16.9	18087	
15:19:00 174.0	16.9	18139	
15:19:01 174.4	16.9	18177	
15:19:03 175.1	16.9	18227	
15:19:04 175.4	16.9	18258	
15:19:05 175.6	16.9	18282	
15:19:06 176.1	16.9	18319	
15:19:07 176.3	16.9	18346	
15:19:08 176.9	16.9	18403	
15:19:09 177.3	16.9	18455	
15:19:10 177.9	16.9	18548	
15:19:11 178.6	16.9	18623	
15:19:12 179.4	16.9	18702	
15:19:13 180.3	16.9	18835	
15:19:15 181.1	16.9	18931	
15:19:16 182.2	16.9	19079	
15:19:17 183.3	16.9	19176	
15:19:18 184.5	16.9	19311	
15:19:19 185.6	16.9	19397	
15:19:20 186.5	16.9	19507	
15:19:21 187.4	16.9	19572	
15:19:22 188.2	16.9	19654	
15:19:23 188.9	16.9	19700	
15:19:24 189.5	16.9	19753	
15:19:26 190.1	16.9	19831	
15:19:27 190.8	16.9	19888	
15:19:28 191.5	16.9	19986	
15:19:29 192.3	16.9	20049	
15:19:30 193.2	16.9	20150	
15:19:31 193.9	16.9	20221	
15:19:32 194.7	16.9	20301	
15:19:33 195.6	16.9	20404	
15:19:34 196.4	16.9	20469	
15:19:35 196.9	16.9	20555	
15:19:36 197.7	16.9	20603	
15:19:38 198.1	16.9	20656	
15:19:39 198.7	16.9	20683	
15:19:40 198.8	16.9	20707	
15:19:41 199.0	16.9	20719	
15:19:42 199.4	16.9	20726	
15:19:43 199.5	16.9	20744	
15:19:44 199.6	16.9	20752	
15:19:45 199.7	16.9	20767	
15:19:46 199.9	16.9	20769	
15:19:47 200.0	16.9	20773	
15:19:48 200.1	16.9	20773	
15:19:50 200.2	17	20776	
15:19:51 200.2	16.9	20782	
15:19:52 200.2	17	20791	
15:19:53 200.3	17	20801	
15:19:54 200.4	17	20808	
15:19:55 200.5	17	20819	
15:19:56 200.6	17	20833	
15:19:57 200.6	17	20859	
15:19:58 200.7	17	20871	
15:19:59 200.8	17	20891	
15:20:00 201.0	17	20906	
15:20:02 201.1	17	20918	
15:20:03 201.2	17	20928	
15:20:04 201.2	17	20933	
15:20:05 201.2	17	20927	
15:20:06 201.2	17	20923	
15:20:07 201.1	17	20904	
15:20:08 201.1	17	20896	
15:20:09 201.0	17	20885	
15:20:10 200.9	17	20878	
15:20:11 200.8	17	20864	
15:20:13 200.6	17	20843	
15:20:14 200.5	17	20827	
15:20:15 200.3	17	20801	
15:20:16 200.1	17	20779	
15:20:17 199.9	17	20750	
15:20:18 199.7	17	20732	
15:20:19 199.5	17	20710	
15:20:20 199.0	17	20677	
15:20:21 198.8	17	20649	
15:20:22 198.5	17	20617	
15:20:23 198.3	17	20605	
15:20:25 198.0	17	20601	
15:20:26 198.0	17	20604	
15:20:27 197.9	17	20611	
15:20:28 197.8	17	20617	
15:20:29 197.8	17	20628	
15:20:30 197.8	17	20643	
15:20:31 197.8	17	20658	
15:20:32 197.8	17	20676	
15:20:33 197.8	17	20685	
15:20:34 197.9	17	20691	
15:20:35 197.9	17	20687	
15:20:37 197.9	17	20670	
15:20:38 197.8	17	20656	
15:20:39 197.7	17	20634	
15:20:40 197.6	17	20617	
15:20:41 197.4	17	20605	
15:20:42 197.2	17.1	20594	
15:20:43 197.1	17.1	20587	
15:20:44 196.9	17.1	20580	
15:20:45 196.8	17.1	20588	
15:20:46 196.7	17.1	20614	
15:20:48 196.8	17.1	20634	
15:20:49 196.8	17.1	20676	
15:20:50 197.0	17.1	20705	
15:20:51 197.2	17.1	20730	
15:20:52 197.4	17.1	20756	
15:20:53 197.6	17.1	20765	
15:20:54 197.7	17.1	20768	
15:20:55 197.8	17.1	20761	
15:20:56 197.8	17.1	20735	
15:20:57 197.8	17.1	20708	
15:20:58 197.7	17.1	20660	
15:21:00 197.5	17.1	20619	
15:21:01 197.2	17.1	20575	
15:21:02 196.8	17.1	20521	
15:21:03 196.2	17.1	20491	
15:21:04 196.0	17.1	20451	
15:21:05 195.6	17.1	20421	
15:21:06 195.2	17.1	20368	
15:21:07 194.8	17.1	20338	
15:21:08 194.5	17.1	20296	
15:21:09 194.1	17.1	20276	
15:21:11 193.8	17.1	20264	
15:21:12 193.9	17.1	20270	
15:21:13 193.6	17.1	20289	
15:21:14 193.6	17.1	20327	
15:21:15 193.7	17.1	20357	
15:21:16 193.8	17.1	20398	
15:21:17 193.9	17.1	20431	
15:21:18 194.2	17.1	20487	
15:21:19 194.5	17.1	20525	
15:21:20 195.2	17.1	20551	
15:21:21 195.3	17.1	20573	
15:21:23 195.3	17.1	20586	
15:21:24 195.5	17.1	20599	
15:21:25 195.7	17.1	20597	
15:21:26 195.9	17.1	20583	
15:21:27 195.9	17.1	20566	
15:21:28 196.0	17.1	20552	
15:21:29 196.0	17.1	20556	
15:21:30 196.1	17.1	20569	
15:21:31 196.2	17.1	20605	
15:21:32 196.3	17.1	20634	
15:21:33 196.5	17.1	20678	
15:21:35 196.7	17.1	20703	
15:21:36 196.9	17.1	20726	
15:21:37 197.1	17.1	20731	
15:21:38 197.3	17.1	20720	
15:21:39 197.3	17.1	20699	
15:21:40 197.3	17.1	20673	
15:21:41 197.2	17.1	20622	
15:21:42 197.0	17.1	20590	
15:21:43 196.7	17.2	20541	
15:21:44 196.5	17.2	20512	
15:21:45 196.2	17.2	20475	
15:21:47 195.7	17.2	20451	
15:21:48 195.4	17.2	20425	
15:21:49 194.7	17.2	20383	
15:21:50 194.5	17.2	20343	
15:21:51 194.1	17.2	20267	
15:21:52 193.2	17.2	20206	
15:21:53 192.5	17.2	20097	
15:21:54 191.7	17.2	20017	
15:21:55 190.7	17.2	19893	
15:21:56 189.9	17.2	19804	
15:21:57 189.0	17.2	19722	
15:21:59 188.0	17.2	19613	
15:22:00 187.3	17.2	19544	
15:22:01 186.4	17.2	19453	
15:22:02 185.6	17.2	19397	
15:22:03 185.1	17.2	19333	
15:22:04 184.4	17.2	19296	
15:22:05 184.2	17.2	19262	
15:22:06 183.5	17.2	19217	
15:22:07 183.0	17.2	19187	
15:22:08 182.5	17.2	19140	
15:22:09 182.1	17.2	19106	
15:22:11 181.6	17.2	19051	
15:22:12 181.1	17.2	19013	
15:22:13 180.4	17.2	18955	
15:22:14 180.3	17.2	18910	
15:22:15 179.6	17.2	18830	
15:22:16 178.9	17.2	18773	
15:22:17 178.1	17.2	18709	
15:22:18 177.5	17.2	18612	
15:22:19 176.7	17.2	18546	
15:22:20 176.2	17.2	18449	
15:22:22 175.5	17.2	18388	
15:22:23 174.7	17.2	18307	
15:22:24 174.2	17.2	18262	
15:22:25 173.8	17.2	18210	
15:22:26 173.2	17.2	18183	
15:22:27 173.0	17.2	18159	
15:22:28 172.9	17.2	18133	
15:22:29 172.5	17.2	18117	
15:22:30 172.2	17.2	18091	
15:22:31 172.0	17.2	18065	
15:22:32 171.5	17.2	18017	
15:22:34 171.2	17.2	17984	
15:22:35 170.8	17.2	17944	
15:22:36 170.2	17.2	17892	
15:22:37 169.9	17.2	17869	
15:22:38 169.9	17.2	17849	
15:22:39 169.8	17.2	17850	
15:22:40 169.7	17.2	17866	
15:22:41 169.6	17.2	17889	
15:22:42 169.6	17.2	17933	
15:22:43 169.7	17.2	17972	
15:22:44 169.9	17.2	18019	
15:22:46 170.2	17.2	18098	
15:22:47 171.2	17.2	18152	
15:22:48 171.6	17.2	18239	
15:22:49 172.1	17.2	18292	
15:22:50 172.7	17.2	18360	
15:22:51 173.2	17.2	18397	
15:22:52 173.7	17.2	18429	
15:22:53 174.1	17.2	18471	
15:22:54 174.2	17.2	18493	
15:22:55 174.5	17.2	18524	
15:22:56 174.7	17.2	18545	
15:22:58 175.0	17.2	18569	
15:22:59 175.3	17.2	18582	
15:23:00 175.4	17.2	18604	
15:23:01 175.8	17.2	18614	
15:23:02 175.8	17.2	18632	
15:23:03 176.0	17.2	18644	
15:23:04 176.2	17.2	18650	
15:23:05 176.3	17.2	18663	
15:23:06 176.4	17.2	18670	
15:23:07 176.6	17.2	18681	
15:23:09 176.7	17.2	18689	
15:23:10 176.8	17.2	18705	
15:23:11 177.0	17.2	18721	
15:23:12 177.1	17.2	18750	
15:23:13 177.3	17.2	18778	
15:23:14 177.5	17.2	18819	
15:23:15 178.0	17.2	18850	
15:23:16 178.3	17.2	18896	
15:23:17 178.7	17.2	18923	
15:23:18 178.9	17.2	18957	
15:23:20 179.4	17.2	19004	
15:23:21 179.5	17.2	19036	
15:23:22 180.0	17.2	19075	
15:23:23 180.1	17.3	19099	
15:23:24 180.3	17.2	19128	
15:23:25 180.4	17.2	19143	
15:23:26 180.6	17.2	19155	
15:23:27 180.8	17.3	19156	
15:23:28 181.0	17.2	19150	
15:23:29 181.0	17.3	19134	
15:23:31 181.0	17.3	19122	
15:23:32 181.0	17.3	19093	
15:23:33 180.9	17.3	19074	
15:23:34 180.8	17.2	19035	
15:23:35 180.6	17.3	19008	
15:23:36 180.3	17.3	18959	
15:23:37 180.0	17.3	18921	
15:23:38 179.3	17.3	18878	
15:23:39 179.0	17.3	18817	
15:23:40 178.4	17.3	18775	
15:23:41 178.0	17.3	18711	
15:23:43 177.5	17.3	18668	
15:23:44 176.9	17.3	18604	
15:23:45 176.4	17.3	18559	
15:23:46 175.9	17.3	18516	
15:23:47 175.4	17.3	18444	
15:23:48 175.1	17.3	18400	
15:23:49 174.5	17.3	18328	
15:23:50 173.8	17.3	18280	
15:23:51 173.4	17.3	18204	
15:23:52 172.7	17.3	18157	
15:23:53 172.1	17.3	18089	
15:23:55 171.7	17.3	18046	
15:23:56 171.0	17.3	18004	
15:23:57 170.5	17.3	17941	
15:23:58 170.0	17.3	17899	
15:23:59 169.6	17.3	17837	
15:24:00 169.1	17.3	17796	
15:24:01 168.4	17.3	17737	
15:24:02 168.1	17.3	17701	
15:24:03 167.6	17.3	17647	
15:24:04 167.3	17.3	17614	
15:24:05 166.8	17.3	17581	
15:24:07 166.4	17.3	17538	
15:24:08 165.9	17.3	17511	
15:24:09 165.6	17.3	17477	
15:24:10 165.4	17.3	17457	
15:24:11 165.3	17.3	17432	
15:24:12 165.0	17.3	17418	
15:24:13 164.9	17.3	17406	
15:24:14 164.5	17.3	17403	
15:24:15 164.5	17.3	17406	
15:24:16 164.4	17.3	17421	
15:24:18 164.4	17.3	17440	
15:24:19 164.5	17.3	17479	
15:24:20 164.6	17.3	17512	
15:24:21 164.7	17.3	17564	
15:24:22 165.0	17.3	17602	
15:24:23 165.3	17.3	17664	
15:24:24 165.9	17.3	17705	
15:24:25 166.6	17.3	17771	
15:24:26 167.2	17.3	17814	
15:24:27 167.4	17.3	17875	
15:24:28 167.9	17.3	17914	
15:24:30 168.3	17.3	17951	
15:24:31 168.7	17.3	18004	
15:24:32 169.1	17.3	18042	
15:24:33 169.7	17.3	18092	
15:24:34 169.8	17.3	18127	
15:24:35 170.4	17.3	18175	
15:24:36 170.7	17.3	18210	
15:24:37 171.3	17.3	18243	
15:24:38 171.6	17.3	18298	
15:24:39 172.1	17.3	18339	
15:24:40 172.7	17.3	18402	
15:24:42 173.2	17.3	18445	
15:24:43 173.6	17.3	18504	
15:24:44 174.3	17.3	18542	
15:24:45 174.6	17.3	18598	
15:24:46 175.3	17.3	18632	
15:24:47 175.4	17.3	18666	
15:24:48 175.8	17.3	18708	
15:24:49 176.2	17.3	18730	
15:24:50 176.6	17.3	18758	
15:24:51 176.8	17.3	18768	
15:24:53 176.9	17.3	18785	
15:24:54 176.9	17.3	18791	
15:24:55 177.2	17.3	18801	
15:24:56 177.4	17.3	18809	
15:24:57 177.5	17.3	18814	
15:24:58 177.6	17.3	18828	
15:24:59 177.7	17.3	18839	
15:25:00 177.8	17.3	18853	
15:25:01 178.0	17.3	18861	
15:25:02 178.1	17.3	18871	
15:25:03 178.2	17.3	18874	
15:25:05 178.2	17.3	18874	
15:25:06 178.3	17.3	18862	
15:25:07 178.2	17.3	18848	
15:25:08 178.1	17.3	18820	
15:25:09 178.0	17.3	18795	
15:25:10 177.8	17.3	18759	
15:25:11 177.6	17.3	18734	
15:25:12 177.4	17.3	18695	
15:25:13 177.2	17.3	18674	
15:25:14 176.9	17.3	18642	
15:25:15 176.5	17.3	18623	
15:25:17 176.5	17.3	18608	
15:25:18 176.3	17.3	18588	
15:25:19 175.9	17.3	18577	
15:25:20 175.9	17.3	18563	
15:25:21 175.7	17.3	18555	
15:25:22 175.6	17.3	18546	
15:25:23 175.5	17.3	18545	
15:25:24 175.4	17.3	18545	
15:25:25 175.4	17.3	18551	
15:25:26 175.3	17.3	18558	
15:25:28 175.3	17.3	18571	
15:25:29 175.3	17.3	18583	
15:25:30 175.4	17.3	18602	
15:25:31 175.5	17.3	18615	
15:25:32 175.6	17.3	18644	
15:25:33 175.8	17.3	18662	
15:25:34 175.9	17.3	18698	
15:25:35 176.2	17.3	18722	
15:25:36 176.4	17.3	18759	
15:25:37 176.8	17.3	18786	
15:25:38 177.1	17.3	18811	
15:25:40 177.4	17.3	18849	
15:25:41 177.7	17.3	18874	
15:25:42 178.0	17.3	18916	
15:25:43 178.3	17.3	18947	
15:25:44 178.8	17.3	18989	
15:25:45 179.1	17.3	19016	
15:25:46 179.4	17.3	19054	
15:25:47 179.5	17.3	19078	
15:25:48 179.6	17.3	19095	
15:25:49 179.8	17.3	19116	
15:25:51 180.0	17.3	19125	
15:25:52 180.2	17.3	19135	
15:25:53 180.4	17.3	19134	
15:25:54 180.4	17.3	19126	
15:25:55 180.4	17.3	19114	
15:25:56 180.4	17.3	19091	
15:25:57 180.3	17.3	19075	
15:25:58 180.2	17.3	19043	
15:25:59 180.1	17.3	19021	
15:26:00 179.9	17.3	18998	
15:26:01 179.7	17.3	18966	
15:26:03 179.5	17.3	18942	
15:26:04 179.2	17.3	18912	
15:26:05 179.0	17.3	18892	
15:26:06 178.6	17.3	18863	
15:26:07 178.1	17.3	18842	
15:26:08 178.1	17.3	18822	
15:26:09 177.8	17.3	18785	
15:26:10 177.6	17.3	18763	
15:26:11 177.1	17.3	18725	
15:26:12 177.0	17.3	18699	
15:26:13 176.7	17.3	18659	
15:26:15 176.3	17.3	18636	
15:26:16 176.2	17.3	18608	
15:26:17 175.9	17.3	18578	
15:26:18 175.6	17.3	18557	
15:26:19 175.4	17.3	18527	
15:26:20 175.1	17.3	18508	
15:26:21 174.9	17.3	18482	
15:26:22 174.6	17.3	18464	
15:26:23 174.6	17.3	18443	
15:26:24 174.2	17.3	18425	
15:26:25 174.2	17.3	18413	
15:26:27 173.8	17.3	18393	
15:26:28 173.8	17.3	18382	
15:26:29 173.6	17.3	18370	
15:26:30 173.4	17.3	18363	
15:26:31 173.3	17.3	18360	
15:26:32 173.2	17.3	18363	
15:26:33 173.2	17.3	18375	
15:26:34 173.2	17.3	18387	
15:26:35 173.3	17.3	18415	
15:26:36 173.4	17.3	18431	
15:26:38 173.5	17.3	18453	
15:26:39 173.7	17.3	18485	
15:26:40 173.9	17.3	18511	
15:26:41 174.1	17.3	18546	
15:26:42 174.4	17.3	18570	
15:26:43 174.8	17.3	18608	
15:26:44 175.2	17.3	18628	
15:26:45 175.2	17.3	18649	
15:26:46 175.4	17.3	18661	
15:26:47 175.6	17.3	18669	
15:26:48 176.0	17.3	18676	
15:26:50 176.0	17.3	18682	
15:26:51 176.2	17.3	18682	
15:26:52 176.3	17.3	18683	
15:26:53 176.4	17.3	18678	
15:26:54 176.4	17.3	18674	
15:26:55 176.5	17.3	18663	
15:26:56 176.5	17.3	18658	
15:26:57 176.5	17.3	18640	
15:26:58 176.4	17.3	18630	
15:26:59 176.2	17.3	18615	
15:27:01 176.0	17.3	18588	
15:27:02 175.8	17.3	18569	
15:27:03 175.6	17.3	18532	
15:27:04 175.4	17.3	18503	
15:27:05 175.2	17.3	18459	
15:27:06 174.7	17.3	18428	
15:27:07 174.2	17.3	18374	
15:27:08 173.9	17.3	18334	
15:27:09 173.4	17.3	18293	
15:27:10 173.1	17.3	18233	
15:27:12 172.4	17.3	18189	
15:27:13 172.1	17.3	18126	
15:27:14 171.7	17.3	18086	
15:27:15 171.2	17.3	18029	
15:27:16 170.8	17.3	17997	
15:27:17 170.4	17.3	17944	
15:27:18 170.0	17.3	17915	
15:27:19 169.9	17.3	17886	
15:27:20 169.2	17.3	17848	
15:27:21 169.1	17.3	17826	
15:27:22 168.8	17.3	17796	
15:27:24 168.7	17.3	17780	
15:27:25 168.4	17.3	17759	
15:27:26 168.4	17.3	17754	
15:27:27 168.2	17.3	17752	
15:27:28 168.1	17.3	17758	
15:27:29 168.1	17.3	17770	
15:27:30 168.1	17.3	17799	
15:27:31 168.1	17.3	17822	
15:27:32 168.3	17.3	17869	
15:27:33 168.5	17.3	17902	
15:27:35 168.8	17.3	17959	
15:27:36 169.5	17.2	18003	
15:27:37 169.9	17.3	18073	
15:27:38 170.5	17.2	18117	
15:27:39 170.8	17.2	18186	
15:27:40 171.5	17.2	18230	
15:27:41 171.9	17.2	18272	
15:27:42 172.4	17.2	18332	
15:27:43 172.7	17.2	18372	
15:27:44 173.1	17.2	18426	
15:27:45 173.8	17.2	18460	
15:27:47 173.8	17.2	18506	
15:27:48 174.4	17.2	18532	
15:27:49 174.8	17.2	18573	
15:27:50 175.2	17.2	18599	
15:27:51 175.4	17.2	18619	
15:27:52 175.7	17.2	18653	
15:27:53 175.8	17.2	18668	
15:27:54 176.2	17.2	18695	
15:27:55 176.4	17.2	18712	
15:27:56 176.6	17.2	18732	
15:27:57 176.6	17.2	18745	
15:27:59 176.8	17.2	18753	
15:28:00 176.9	17.2	18762	
15:28:01 177.1	17.2	18768	
15:28:02 177.2	17.2	18777	
15:28:03 177.3	17.2	18784	
15:28:04 177.4	17.2	18793	
15:28:05 177.5	17.2	18801	
15:28:06 177.6	17.2	18816	
15:28:07 177.7	17.2	18826	
15:28:08 177.9	17.2	18847	
15:28:10 178.0	17.2	18862	
15:28:11 178.2	17.2	18880	
15:28:12 178.3	17.2	18910	
15:28:13 178.5	17.2	18929	
15:28:14 178.7	17.2	18955	
15:28:15 178.9	17.2	18976	
15:28:16 179.1	17.2	19003	
15:28:17 179.3	17.2	19019	
15:28:18 179.5	17.2	19043	
15:28:19 179.7	17.2	19061	
15:28:20 180.2	17.2	19081	
15:28:22 180.2	17.2	19111	
15:28:23 180.7	17.2	19137	
15:28:24 180.9	17.2	19175	
15:28:25 181.2	17.2	19202	
15:28:26 181.7	17.2	19252	
15:28:27 181.8	17.2	19288	
15:28:28 182.3	17.2	19355	
15:28:29 182.9	17.2	19402	
15:28:30 183.6	17.2	19472	
15:28:31 184.0	17.2	19523	
15:28:33 184.7	17.2	19574	
15:28:34 185.4	17.2	19647	
15:28:35 185.8	17.2	19695	
15:28:36 186.4	17.2	19771	
15:28:37 187.0	17.2	19819	
15:28:38 187.8	17.2	19890	
15:28:39 188.1	17.3	19941	
15:28:40 188.9	17.2	20014	
15:28:41 189.3	17.3	20067	
15:28:42 189.9	17.3	20154	
15:28:44 190.7	17.3	20213	
15:28:45 191.4	17.3	20280	
15:28:46 192.3	17.2	20385	
15:28:47 193.3	17.3	20457	
15:28:48 194.0	17.3	20569	
15:28:49 194.9	17.3	20644	
15:28:50 195.9	17.3	20761	
15:28:51 196.7	17.3	20835	
15:28:52 197.6	17.3	20950	
15:28:53 198.5	17.3	21019	
15:28:55 199.4	17.3	21116	
15:28:56 200.2	17.3	21175	
15:28:57 201.0	17.3	21234	
15:28:58 201.7	17.3	21316	
15:28:59 202.5	17.3	21364	
15:29:00 203.0	17.3	21432	
15:29:01 203.4	17.3	21473	
15:29:02 204.1	17.3	21531	
15:29:03 204.5	17.3	21565	
15:29:04 204.8	17.3	21603	
15:29:05 205.1	17.3	21628	
15:29:07 205.5	17.3	21647	
15:29:08 205.7	17.3	21663	
15:29:09 206.1	17.3	21668	
15:29:10 206.1	17.3	21671	
15:29:11 206.1	17.3	21665	
15:29:12 206.3	17.3	21653	
15:29:13 206.3	17.3	21640	
15:29:14 206.3	17.3	21610	
15:29:15 206.2	17.3	21590	
15:29:16 206.0	17.3	21558	
15:29:17 205.8	17.3	21509	
15:29:19 205.5	17.3	21473	
15:29:20 204.8	17.3	21410	
15:29:21 204.4	17.3	21358	
15:29:22 203.8	17.3	21281	
15:29:23 203.2	17.3	21225	
15:29:24 202.4	17.3	21165	
15:29:25 201.9	17.3	21080	
15:29:26 201.3	17.3	21025	
15:29:27 200.5	17.3	20947	
15:29:28 200.1	17.3	20901	
15:29:29 199.4	17.3	20841	
15:29:31 199.0	17.3	20806	
15:29:32 198.4	17.3	20755	
15:29:33 198.1	17.3	20732	
15:29:34 197.9	17.3	20706	
15:29:35 197.5	17.3	20680	
15:29:36 197.3	17.3	20663	
15:29:37 197.2	17.3	20646	
15:29:38 197.1	17.3	20638	
15:29:39 196.9	17.3	20631	
15:29:40 196.7	17.3	20630	
15:29:41 196.6	17.3	20625	
15:29:43 196.4	17.3	20624	
15:29:44 196.3	17.3	20628	
15:29:45 196.2	17.3	20631	
15:29:46 196.2	17.3	20633	
15:29:47 196.1	17.3	20637	
15:29:48 196.1	17.3	20640	
15:29:49 196.1	17.3	20644	
15:29:50 196.0	17.3	20645	
15:29:51 196.1	17.3	20644	
15:29:53 196.1	17.3	20646	
15:29:54 196.1	17.3	20649	
15:29:55 196.1	17.3	20652	
15:29:56 196.2	17.3	20660	
15:29:57 196.2	17.3	20666	
15:29:58 196.2	17.4	20672	
15:29:59 196.2	17.3	20680	
15:30:00 196.3	17.4	20687	
15:30:01 196.3	17.4	20694	
15:30:02 196.4	17.4	20699	
15:30:03 196.5	17.4	20706	
15:30:05 196.5	17.4	20710	
15:30:06 196.6	17.4	20714	
15:30:07 196.7	17.4	20718	
15:30:08 196.7	17.4	20732	
15:30:09 196.8	17.4	20741	
15:30:10 196.9	17.4	20755	
15:30:11 197.1	17.4	20782	
15:30:12 197.2	17.4	20806	
15:30:13 197.4	17.4	20847	
15:30:14 197.6	17.4	20875	
15:30:16 198.1	17.4	20927	
15:30:17 198.4	17.4	20963	
15:30:18 198.9	17.4	21027	
15:30:19 199.3	17.4	21077	
15:30:20 199.9	17.4	21127	
15:30:21 200.5	17.4	21209	
15:30:22 201.2	17.4	21264	
15:30:23 201.8	17.4	21352	
15:30:24 202.6	17.4	21409	
15:30:25 203.2	17.4	21501	
15:30:27 203.9	17.4	21562	
15:30:28 204.8	17.4	21656	
15:30:29 205.4	17.4	21716	
15:30:30 206.0	17.4	21812	
15:30:31 207.1	17.4	21876	
15:30:32 207.9	17.4	21935	
15:30:33 208.4	17.4	22023	
15:30:34 209.1	17.4	22081	
15:30:35 209.8	17.4	22164	
15:30:36 210.6	17.4	22214	
15:30:37 211.3	17.4	22288	
15:30:39 212.0	17.4	22333	
15:30:40 212.4	17.4	22399	
15:30:41 213.0	17.4	22442	
15:30:42 213.2	17.4	22482	
15:30:43 213.9	17.4	22537	
15:30:44 214.6	17.4	22568	
15:30:45 214.8	17.4	22606	
15:30:46 215.1	17.4	22631	
15:30:47 215.8	17.4	22660	
15:30:48 215.7	17.4	22676	
15:30:50 216.1	17.4	22687	
15:30:51 216.1	17.4	22694	
15:30:52 216.4	17.4	22697	
15:30:53 216.3	17.4	22700	
15:30:54 216.4	17.4	22700	
15:30:55 216.6	17.5	22705	
15:30:56 216.7	17.4	22709	
15:30:57 216.8	17.4	22720	
15:30:59 216.9	17.4	22733	
15:31:00 217.0	17.4	22748	
15:31:01 217.1	17.4	22763	
15:31:02 217.2	17.4	22782	
15:31:03 217.3	17.4	22796	
15:31:04 217.4	17.4	22819	
15:31:05 217.6	17.4	22834	
15:31:07 217.8	17.4	22858	
15:31:08 217.9	17.5	22873	
15:31:09 218.1	17.5	22899	
15:31:10 218.2	17.4	22907	
15:31:11 218.4	17.4	22925	
15:31:12 218.5	17.5	22932	
15:31:13 218.6	17.5	22934	
15:31:14 218.7	17.5	22935	
15:31:15 218.7	17.5	22929	
15:31:17 218.7	17.5	22923	
15:31:18 218.7	17.5	22917	
15:31:19 218.6	17.5	22914	
15:31:20 218.6	17.5	22915	
15:31:21 218.6	17.5	22917	
15:31:22 218.6	17.5	22921	
15:31:23 218.7	17.5	22935	
15:31:24 218.7	17.5	22942	
15:31:25 218.8	17.5	22948	
15:31:26 218.8	17.5	22950	
15:31:27 218.9	17.5	22963	
15:31:29 219.0	17.5	22973	
15:31:30 219.1	17.5	22981	
15:31:31 219.2	17.5	22992	
15:31:32 219.2	17.5	23002	
15:31:33 219.3	17.5	23008	
15:31:34 219.4	17.5	23013	
15:31:35 219.4	17.5	23014	
15:31:36 219.4	17.5	23014	
15:31:37 219.4	17.5	23014	
15:31:38 219.4	17.5	23015	
15:31:39 219.4	17.5	23015	
15:31:41 219.4	17.5	23021	
15:31:42 219.4	17.5	23031	
15:31:43 219.4	17.5	23050	
15:31:44 219.5	17.5	23066	
15:31:45 219.6	17.5	23097	
15:31:46 219.8	17.5	23119	
15:31:47 220.0	17.5	23144	
15:31:48 220.2	17.5	23196	
15:31:49 220.4	17.5	23231	
15:31:50 221.1	17.5	23295	
15:31:51 221.4	17.5	23344	
15:31:53 221.9	17.5	23416	
15:31:54 222.2	17.5	23468	
15:31:55 222.8	17.5	23543	
15:31:56 223.4	17.5	23587	
15:31:57 223.7	17.5	23632	
15:31:58 224.6	17.5	23675	
15:31:59 224.6	17.5	23699	
15:32:00 225.0	17.5	23732	
15:32:01 224.9	17.5	23741	
15:32:02 224.9	17.5	23753	
15:32:04 225.1	17.5	23754	
15:32:05 225.3	17.5	23753	
15:32:06 225.4	17.5	23753	
15:32:07 225.4	17.5	23747	
15:32:08 225.4	17.5	23740	
15:32:09 225.3	17.5	23738	
15:32:10 225.2	17.5	23735	
15:32:11 225.2	17.5	23732	
15:32:12 225.1	17.5	23732	
15:32:13 225.1	17.5	23736	
15:32:14 225.0	17.5	23744	
15:32:16 225.0	17.5	23757	
15:32:17 225.0	17.5	23771	
15:32:18 225.0	17.5	23804	
15:32:19 225.1	17.5	23829	
15:32:20 225.3	17.5	23871	
15:32:21 225.5	17.5	23901	
15:32:22 225.7	17.5	23950	
15:32:23 226.0	17.5	23985	
15:32:24 226.4	17.5	24023	
15:32:25 226.9	17.5	24091	
15:32:26 227.3	17.5	24139	
15:32:28 227.8	17.5	24211	
15:32:29 228.2	17.5	24257	
15:32:30 228.5	17.5	24327	
15:32:31 229.0	17.5	24377	
15:32:32 229.6	17.5	24455	
15:32:33 230.1	17.5	24508	
15:32:34 230.7	17.5	24568	
15:32:35 231.2	17.5	24654	
15:32:36 231.7	17.5	24708	
15:32:37 232.4	17.5	24798	
15:32:38 232.8	17.5	24855	
15:32:40 233.7	17.5	24952	
15:32:41 234.4	17.5	25016	
15:32:42 235.2	17.5	25083	
15:32:43 236.0	17.5	25179	
15:32:44 236.6	17.5	25247	
15:32:45 237.4	17.5	25350	
15:32:46 238.3	17.5	25421	
15:32:47 239.1	17.5	25527	
15:32:48 239.8	17.5	25601	
15:32:49 240.6	17.5	25702	
15:32:50 241.1	17.5	25767	
15:32:52 241.6	17.5	25833	
15:32:53 242.3	17.5	25913	
15:32:54 242.9	17.5	25965	
15:32:55 243.5	17.5	26025	
15:32:56 243.9	17.5	26060	
15:32:57 244.2	17.5	26080	
15:32:58 244.5	17.5	26119	
15:32:59 244.6	17.6	26140	
15:33:00 245.0	17.5	26166	
15:33:01 245.1	17.6	26190	
15:33:02 245.3	17.6	26218	
15:33:04 245.6	17.6	26238	
15:33:05 245.8	17.6	26263	
15:33:06 245.8	17.6	26281	
15:33:07 246.0	17.6	26305	
15:33:08 246.2	17.6	26327	
15:33:09 246.5	17.6	26353	
15:33:10 246.9	17.6	26402	
15:33:11 246.9	17.6	26438	
15:33:12 247.2	17.6	26497	
15:33:13 247.7	17.6	26532	
15:33:14 248.2	17.6	26598	
15:33:16 248.8	17.6	26634	
15:33:17 249.1	17.6	26694	
